,code,time,score,pred_time
488,sh.600000,2024-03-28 10:30:00,0.6333199739456177,2024-03-28 23:01:13.508969
489,sh.600000,2024-03-28 11:30:00,0.6336501240730286,2024-03-28 23:01:13.508969
490,sh.600000,2024-03-28 14:00:00,0.633694589138031,2024-03-28 23:01:13.508969
491,sh.600000,2024-03-28 15:00:00,0.633565366268158,2024-03-28 23:01:13.508969
980,sh.600009,2024-03-28 10:30:00,0.6335906982421875,2024-03-28 23:01:13.508969
981,sh.600009,2024-03-28 11:30:00,0.6337501406669617,2024-03-28 23:01:13.508969
982,sh.600009,2024-03-28 14:00:00,0.6337772011756897,2024-03-28 23:01:13.508969
983,sh.600009,2024-03-28 15:00:00,0.6336349248886108,2024-03-28 23:01:13.508969
1472,sh.600010,2024-03-28 10:30:00,0.6324563026428223,2024-03-28 23:01:13.508969
1473,sh.600010,2024-03-28 11:30:00,0.6329025626182556,2024-03-28 23:01:13.508969
1474,sh.600010,2024-03-28 14:00:00,0.6328694224357605,2024-03-28 23:01:13.508969
1475,sh.600010,2024-03-28 15:00:00,0.6329104900360107,2024-03-28 23:01:13.508969
1964,sh.600011,2024-03-28 10:30:00,0.6318532824516296,2024-03-28 23:01:13.508969
1965,sh.600011,2024-03-28 11:30:00,0.6325061321258545,2024-03-28 23:01:13.508969
1966,sh.600011,2024-03-28 14:00:00,0.6325190663337708,2024-03-28 23:01:13.508969
1967,sh.600011,2024-03-28 15:00:00,0.632848858833313,2024-03-28 23:01:13.508969
2456,sh.600015,2024-03-28 10:30:00,0.6330203413963318,2024-03-28 23:01:13.508969
2457,sh.600015,2024-03-28 11:30:00,0.6336172223091125,2024-03-28 23:01:13.508969
2458,sh.600015,2024-03-28 14:00:00,0.6337697505950928,2024-03-28 23:01:13.508969
2459,sh.600015,2024-03-28 15:00:00,0.6338104605674744,2024-03-28 23:01:13.508969
2948,sh.600016,2024-03-28 10:30:00,0.6324343681335449,2024-03-28 23:01:13.508969
2949,sh.600016,2024-03-28 11:30:00,0.6331204771995544,2024-03-28 23:01:13.508969
2950,sh.600016,2024-03-28 14:00:00,0.6331546306610107,2024-03-28 23:01:13.508969
2951,sh.600016,2024-03-28 15:00:00,0.6332855224609375,2024-03-28 23:01:13.508969
3440,sh.600018,2024-03-28 10:30:00,0.633388340473175,2024-03-28 23:01:13.508969
3441,sh.600018,2024-03-28 11:30:00,0.6336187720298767,2024-03-28 23:01:13.508969
3442,sh.600018,2024-03-28 14:00:00,0.6337396502494812,2024-03-28 23:01:13.508969
3443,sh.600018,2024-03-28 15:00:00,0.6335928440093994,2024-03-28 23:01:13.508969
3932,sh.600019,2024-03-28 10:30:00,0.6332671046257019,2024-03-28 23:01:13.508969
3933,sh.600019,2024-03-28 11:30:00,0.6336966753005981,2024-03-28 23:01:13.508969
3934,sh.600019,2024-03-28 14:00:00,0.6336376667022705,2024-03-28 23:01:13.508969
3935,sh.600019,2024-03-28 15:00:00,0.6333966255187988,2024-03-28 23:01:13.508969
4424,sh.600023,2024-03-28 10:30:00,0.633277416229248,2024-03-28 23:01:13.508969
4425,sh.600023,2024-03-28 11:30:00,0.6341407299041748,2024-03-28 23:01:13.508969
4426,sh.600023,2024-03-28 14:00:00,0.634570837020874,2024-03-28 23:01:13.508969
4427,sh.600023,2024-03-28 15:00:00,0.6344536542892456,2024-03-28 23:01:13.508969
4916,sh.600025,2024-03-28 10:30:00,0.6339733004570007,2024-03-28 23:01:13.508969
4917,sh.600025,2024-03-28 11:30:00,0.6348609924316406,2024-03-28 23:01:13.508969
4918,sh.600025,2024-03-28 14:00:00,0.6349601149559021,2024-03-28 23:01:13.508969
4919,sh.600025,2024-03-28 15:00:00,0.6348703503608704,2024-03-28 23:01:13.508969
5408,sh.600028,2024-03-28 10:30:00,0.6326319575309753,2024-03-28 23:01:13.508969
5409,sh.600028,2024-03-28 11:30:00,0.6331154108047485,2024-03-28 23:01:13.508969
5410,sh.600028,2024-03-28 14:00:00,0.6331033110618591,2024-03-28 23:01:13.508969
5411,sh.600028,2024-03-28 15:00:00,0.6330523490905762,2024-03-28 23:01:13.508969
5900,sh.600029,2024-03-28 10:30:00,0.6335875391960144,2024-03-28 23:01:13.508969
5901,sh.600029,2024-03-28 11:30:00,0.6342953443527222,2024-03-28 23:01:13.508969
5902,sh.600029,2024-03-28 14:00:00,0.6344273686408997,2024-03-28 23:01:13.508969
5903,sh.600029,2024-03-28 15:00:00,0.6343561410903931,2024-03-28 23:01:13.508969
6392,sh.600030,2024-03-28 10:30:00,0.6334301829338074,2024-03-28 23:01:13.508969
6393,sh.600030,2024-03-28 11:30:00,0.6333247423171997,2024-03-28 23:01:13.508969
6394,sh.600030,2024-03-28 14:00:00,0.6334186792373657,2024-03-28 23:01:13.508969
6395,sh.600030,2024-03-28 15:00:00,0.6333659887313843,2024-03-28 23:01:13.508969
6884,sh.600031,2024-03-28 10:30:00,0.6339477896690369,2024-03-28 23:01:13.508969
6885,sh.600031,2024-03-28 11:30:00,0.6338790059089661,2024-03-28 23:01:13.508969
6886,sh.600031,2024-03-28 14:00:00,0.6338782906532288,2024-03-28 23:01:13.508969
6887,sh.600031,2024-03-28 15:00:00,0.6337340474128723,2024-03-28 23:01:13.508969
7376,sh.600036,2024-03-28 10:30:00,0.6333163380622864,2024-03-28 23:01:13.508969
7377,sh.600036,2024-03-28 11:30:00,0.6334689855575562,2024-03-28 23:01:13.508969
7378,sh.600036,2024-03-28 14:00:00,0.6335206031799316,2024-03-28 23:01:13.508969
7379,sh.600036,2024-03-28 15:00:00,0.6333771347999573,2024-03-28 23:01:13.508969
7868,sh.600039,2024-03-28 10:30:00,0.6335071325302124,2024-03-28 23:01:13.508969
7869,sh.600039,2024-03-28 11:30:00,0.6335829496383667,2024-03-28 23:01:13.508969
7870,sh.600039,2024-03-28 14:00:00,0.6339125633239746,2024-03-28 23:01:13.508969
7871,sh.600039,2024-03-28 15:00:00,0.633859395980835,2024-03-28 23:01:13.508969
8360,sh.600048,2024-03-28 10:30:00,0.6328039765357971,2024-03-28 23:01:13.508969
8361,sh.600048,2024-03-28 11:30:00,0.6334524154663086,2024-03-28 23:01:13.508969
8362,sh.600048,2024-03-28 14:00:00,0.6331113576889038,2024-03-28 23:01:13.508969
8363,sh.600048,2024-03-28 15:00:00,0.6331431269645691,2024-03-28 23:01:13.508969
8852,sh.600050,2024-03-28 10:30:00,0.6339197158813477,2024-03-28 23:01:13.508969
8853,sh.600050,2024-03-28 11:30:00,0.6340934038162231,2024-03-28 23:01:13.508969
8854,sh.600050,2024-03-28 14:00:00,0.6341375708580017,2024-03-28 23:01:13.508969
8855,sh.600050,2024-03-28 15:00:00,0.6338549852371216,2024-03-28 23:01:13.508969
9344,sh.600061,2024-03-28 10:30:00,0.6337175369262695,2024-03-28 23:01:13.508969
9345,sh.600061,2024-03-28 11:30:00,0.6337214112281799,2024-03-28 23:01:13.508969
9346,sh.600061,2024-03-28 14:00:00,0.6337589025497437,2024-03-28 23:01:13.508969
9347,sh.600061,2024-03-28 15:00:00,0.6335817575454712,2024-03-28 23:01:13.508969
9836,sh.600085,2024-03-28 10:30:00,0.6341168880462646,2024-03-28 23:01:13.508969
9837,sh.600085,2024-03-28 11:30:00,0.6343411803245544,2024-03-28 23:01:13.508969
9838,sh.600085,2024-03-28 14:00:00,0.6343257427215576,2024-03-28 23:01:13.508969
9839,sh.600085,2024-03-28 15:00:00,0.6343528032302856,2024-03-28 23:01:13.508969
10328,sh.600089,2024-03-28 10:30:00,0.634125828742981,2024-03-28 23:01:13.508969
10329,sh.600089,2024-03-28 11:30:00,0.6340442895889282,2024-03-28 23:01:13.508969
10330,sh.600089,2024-03-28 14:00:00,0.6339305639266968,2024-03-28 23:01:13.508969
10331,sh.600089,2024-03-28 15:00:00,0.6339956521987915,2024-03-28 23:01:13.508969
10820,sh.600104,2024-03-28 10:30:00,0.6336137652397156,2024-03-28 23:01:13.508969
10821,sh.600104,2024-03-28 11:30:00,0.6337157487869263,2024-03-28 23:01:13.508969
10822,sh.600104,2024-03-28 14:00:00,0.6335727572441101,2024-03-28 23:01:13.508969
10823,sh.600104,2024-03-28 15:00:00,0.6334664821624756,2024-03-28 23:01:13.508969
11312,sh.600111,2024-03-28 10:30:00,0.6335881352424622,2024-03-28 23:01:13.508969
11313,sh.600111,2024-03-28 11:30:00,0.6336991786956787,2024-03-28 23:01:13.508969
11314,sh.600111,2024-03-28 14:00:00,0.6336355805397034,2024-03-28 23:01:13.508969
11315,sh.600111,2024-03-28 15:00:00,0.6336035132408142,2024-03-28 23:01:13.508969
11804,sh.600115,2024-03-28 10:30:00,0.635216474533081,2024-03-28 23:01:13.508969
11805,sh.600115,2024-03-28 11:30:00,0.6354502439498901,2024-03-28 23:01:13.508969
11806,sh.600115,2024-03-28 14:00:00,0.6355286240577698,2024-03-28 23:01:13.508969
11807,sh.600115,2024-03-28 15:00:00,0.6356045007705688,2024-03-28 23:01:13.508969
12296,sh.600132,2024-03-28 10:30:00,0.6336460113525391,2024-03-28 23:01:13.508969
12297,sh.600132,2024-03-28 11:30:00,0.6336952447891235,2024-03-28 23:01:13.508969
12298,sh.600132,2024-03-28 14:00:00,0.6337416172027588,2024-03-28 23:01:13.508969
12299,sh.600132,2024-03-28 15:00:00,0.6337334513664246,2024-03-28 23:01:13.508969
12788,sh.600150,2024-03-28 10:30:00,0.6315964460372925,2024-03-28 23:01:13.508969
12789,sh.600150,2024-03-28 11:30:00,0.6322454810142517,2024-03-28 23:01:13.508969
12790,sh.600150,2024-03-28 14:00:00,0.6325544118881226,2024-03-28 23:01:13.508969
12791,sh.600150,2024-03-28 15:00:00,0.6324830651283264,2024-03-28 23:01:13.508969
13280,sh.600176,2024-03-28 10:30:00,0.6330723166465759,2024-03-28 23:01:13.508969
13281,sh.600176,2024-03-28 11:30:00,0.6330868601799011,2024-03-28 23:01:13.508969
13282,sh.600176,2024-03-28 14:00:00,0.6330989599227905,2024-03-28 23:01:13.508969
13283,sh.600176,2024-03-28 15:00:00,0.6330961585044861,2024-03-28 23:01:13.508969
13772,sh.600183,2024-03-28 10:30:00,0.6325240135192871,2024-03-28 23:01:13.508969
13773,sh.600183,2024-03-28 11:30:00,0.6328188180923462,2024-03-28 23:01:13.508969
13774,sh.600183,2024-03-28 14:00:00,0.633100152015686,2024-03-28 23:01:13.508969
13775,sh.600183,2024-03-28 15:00:00,0.6327998638153076,2024-03-28 23:01:13.508969
14264,sh.600188,2024-03-28 10:30:00,0.6324310302734375,2024-03-28 23:01:13.508969
14265,sh.600188,2024-03-28 11:30:00,0.6327447891235352,2024-03-28 23:01:13.508969
14266,sh.600188,2024-03-28 14:00:00,0.6327223777770996,2024-03-28 23:01:13.508969
14267,sh.600188,2024-03-28 15:00:00,0.6329757571220398,2024-03-28 23:01:13.508969
14756,sh.600196,2024-03-28 10:30:00,0.6341769099235535,2024-03-28 23:01:13.508969
14757,sh.600196,2024-03-28 11:30:00,0.6343112587928772,2024-03-28 23:01:13.508969
14758,sh.600196,2024-03-28 14:00:00,0.6343656778335571,2024-03-28 23:01:13.508969
14759,sh.600196,2024-03-28 15:00:00,0.634254515171051,2024-03-28 23:01:13.508969
15248,sh.600219,2024-03-28 10:30:00,0.6327002644538879,2024-03-28 23:01:13.508969
15249,sh.600219,2024-03-28 11:30:00,0.6326745748519897,2024-03-28 23:01:13.508969
15250,sh.600219,2024-03-28 14:00:00,0.6331983804702759,2024-03-28 23:01:13.508969
15251,sh.600219,2024-03-28 15:00:00,0.6329692006111145,2024-03-28 23:01:13.508969
15740,sh.600233,2024-03-28 10:30:00,0.632847249507904,2024-03-28 23:01:13.508969
15741,sh.600233,2024-03-28 11:30:00,0.6331146955490112,2024-03-28 23:01:13.508969
15742,sh.600233,2024-03-28 14:00:00,0.6337807774543762,2024-03-28 23:01:13.508969
15743,sh.600233,2024-03-28 15:00:00,0.6331532597541809,2024-03-28 23:01:13.508969
16232,sh.600276,2024-03-28 10:30:00,0.633739173412323,2024-03-28 23:01:13.508969
16233,sh.600276,2024-03-28 11:30:00,0.6343086361885071,2024-03-28 23:01:13.508969
16234,sh.600276,2024-03-28 14:00:00,0.6341792941093445,2024-03-28 23:01:13.508969
16235,sh.600276,2024-03-28 15:00:00,0.6340320706367493,2024-03-28 23:01:13.508969
16724,sh.600309,2024-03-28 10:30:00,0.6346079707145691,2024-03-28 23:01:13.508969
16725,sh.600309,2024-03-28 11:30:00,0.6342936158180237,2024-03-28 23:01:13.508969
16726,sh.600309,2024-03-28 14:00:00,0.634476363658905,2024-03-28 23:01:13.508969
16727,sh.600309,2024-03-28 15:00:00,0.6343830227851868,2024-03-28 23:01:13.508969
17216,sh.600332,2024-03-28 10:30:00,0.6341568827629089,2024-03-28 23:01:13.508969
17217,sh.600332,2024-03-28 11:30:00,0.6343624591827393,2024-03-28 23:01:13.508969
17218,sh.600332,2024-03-28 14:00:00,0.6344407796859741,2024-03-28 23:01:13.508969
17219,sh.600332,2024-03-28 15:00:00,0.634344756603241,2024-03-28 23:01:13.508969
17708,sh.600346,2024-03-28 10:30:00,0.6331791877746582,2024-03-28 23:01:13.508969
17709,sh.600346,2024-03-28 11:30:00,0.6331814527511597,2024-03-28 23:01:13.508969
17710,sh.600346,2024-03-28 14:00:00,0.6335678696632385,2024-03-28 23:01:13.508969
17711,sh.600346,2024-03-28 15:00:00,0.6334041357040405,2024-03-28 23:01:13.508969
18200,sh.600362,2024-03-28 10:30:00,0.6324101090431213,2024-03-28 23:01:13.508969
18201,sh.600362,2024-03-28 11:30:00,0.6332417726516724,2024-03-28 23:01:13.508969
18202,sh.600362,2024-03-28 14:00:00,0.6332326531410217,2024-03-28 23:01:13.508969
18203,sh.600362,2024-03-28 15:00:00,0.6331288814544678,2024-03-28 23:01:13.508969
18692,sh.600372,2024-03-28 10:30:00,0.6329288482666016,2024-03-28 23:01:13.508969
18693,sh.600372,2024-03-28 11:30:00,0.6335234642028809,2024-03-28 23:01:13.508969
18694,sh.600372,2024-03-28 14:00:00,0.6329438090324402,2024-03-28 23:01:13.508969
18695,sh.600372,2024-03-28 15:00:00,0.6327886581420898,2024-03-28 23:01:13.508969
19184,sh.600406,2024-03-28 10:30:00,0.6338444352149963,2024-03-28 23:01:13.508969
19185,sh.600406,2024-03-28 11:30:00,0.6340423226356506,2024-03-28 23:01:13.508969
19186,sh.600406,2024-03-28 14:00:00,0.6340540051460266,2024-03-28 23:01:13.508969
19187,sh.600406,2024-03-28 15:00:00,0.6339250802993774,2024-03-28 23:01:13.508969
19676,sh.600426,2024-03-28 10:30:00,0.6337600946426392,2024-03-28 23:01:13.508969
19677,sh.600426,2024-03-28 11:30:00,0.6340291500091553,2024-03-28 23:01:13.508969
19678,sh.600426,2024-03-28 14:00:00,0.633866548538208,2024-03-28 23:01:13.508969
19679,sh.600426,2024-03-28 15:00:00,0.6338265538215637,2024-03-28 23:01:13.508969
20168,sh.600436,2024-03-28 10:30:00,0.634389340877533,2024-03-28 23:01:13.508969
20169,sh.600436,2024-03-28 11:30:00,0.6343287229537964,2024-03-28 23:01:13.508969
20170,sh.600436,2024-03-28 14:00:00,0.6344341039657593,2024-03-28 23:01:13.508969
20171,sh.600436,2024-03-28 15:00:00,0.6342458128929138,2024-03-28 23:01:13.508969
20660,sh.600438,2024-03-28 10:30:00,0.6335904002189636,2024-03-28 23:01:13.508969
20661,sh.600438,2024-03-28 11:30:00,0.633669376373291,2024-03-28 23:01:13.508969
20662,sh.600438,2024-03-28 14:00:00,0.6336166262626648,2024-03-28 23:01:13.508969
20663,sh.600438,2024-03-28 15:00:00,0.6334044337272644,2024-03-28 23:01:13.508969
21152,sh.600460,2024-03-28 10:30:00,0.6336132884025574,2024-03-28 23:01:13.508969
21153,sh.600460,2024-03-28 11:30:00,0.6334982514381409,2024-03-28 23:01:13.508969
21154,sh.600460,2024-03-28 14:00:00,0.6337376832962036,2024-03-28 23:01:13.508969
21155,sh.600460,2024-03-28 15:00:00,0.6335851550102234,2024-03-28 23:01:13.508969
21644,sh.600489,2024-03-28 10:30:00,0.6324440836906433,2024-03-28 23:01:13.508969
21645,sh.600489,2024-03-28 11:30:00,0.6322711110115051,2024-03-28 23:01:13.508969
21646,sh.600489,2024-03-28 14:00:00,0.6323853135108948,2024-03-28 23:01:13.508969
21647,sh.600489,2024-03-28 15:00:00,0.6326701641082764,2024-03-28 23:01:13.508969
22136,sh.600515,2024-03-28 10:30:00,0.6341032385826111,2024-03-28 23:01:13.508969
22137,sh.600515,2024-03-28 11:30:00,0.6343473196029663,2024-03-28 23:01:13.508969
22138,sh.600515,2024-03-28 14:00:00,0.6342836022377014,2024-03-28 23:01:13.508969
22139,sh.600515,2024-03-28 15:00:00,0.6342676281929016,2024-03-28 23:01:13.508969
22628,sh.600519,2024-03-28 10:30:00,0.6341858506202698,2024-03-28 23:01:13.508969
22629,sh.600519,2024-03-28 11:30:00,0.634192705154419,2024-03-28 23:01:13.508969
22630,sh.600519,2024-03-28 14:00:00,0.6341980695724487,2024-03-28 23:01:13.508969
22631,sh.600519,2024-03-28 15:00:00,0.6342005729675293,2024-03-28 23:01:13.508969
23120,sh.600547,2024-03-28 10:30:00,0.633527934551239,2024-03-28 23:01:13.508969
23121,sh.600547,2024-03-28 11:30:00,0.6336414217948914,2024-03-28 23:01:13.508969
23122,sh.600547,2024-03-28 14:00:00,0.6334578990936279,2024-03-28 23:01:13.508969
23123,sh.600547,2024-03-28 15:00:00,0.633363664150238,2024-03-28 23:01:13.508969
23612,sh.600570,2024-03-28 10:30:00,0.6335539221763611,2024-03-28 23:01:13.508969
23613,sh.600570,2024-03-28 11:30:00,0.6340842247009277,2024-03-28 23:01:13.508969
23614,sh.600570,2024-03-28 14:00:00,0.6341586709022522,2024-03-28 23:01:13.508969
23615,sh.600570,2024-03-28 15:00:00,0.633908748626709,2024-03-28 23:01:13.508969
24084,sh.600584,2024-03-28 10:30:00,0.6304784417152405,2024-03-28 23:01:13.508969
24085,sh.600584,2024-03-28 11:30:00,0.6321378946304321,2024-03-28 23:01:13.508969
24086,sh.600584,2024-03-28 14:00:00,0.6313905119895935,2024-03-28 23:01:13.508969
24087,sh.600584,2024-03-28 15:00:00,0.6319630742073059,2024-03-28 23:01:13.508969
24576,sh.600585,2024-03-28 10:30:00,0.6337602138519287,2024-03-28 23:01:13.508969
24577,sh.600585,2024-03-28 11:30:00,0.6339578628540039,2024-03-28 23:01:13.508969
24578,sh.600585,2024-03-28 14:00:00,0.6339789032936096,2024-03-28 23:01:13.508969
24579,sh.600585,2024-03-28 15:00:00,0.6340064406394958,2024-03-28 23:01:13.508969
25068,sh.600588,2024-03-28 10:30:00,0.6334168314933777,2024-03-28 23:01:13.508969
25069,sh.600588,2024-03-28 11:30:00,0.6337847709655762,2024-03-28 23:01:13.508969
25070,sh.600588,2024-03-28 14:00:00,0.6339989900588989,2024-03-28 23:01:13.508969
25071,sh.600588,2024-03-28 15:00:00,0.6335826516151428,2024-03-28 23:01:13.508969
25560,sh.600600,2024-03-28 10:30:00,0.6331401467323303,2024-03-28 23:01:13.508969
25561,sh.600600,2024-03-28 11:30:00,0.6335806846618652,2024-03-28 23:01:13.508969
25562,sh.600600,2024-03-28 14:00:00,0.6332999467849731,2024-03-28 23:01:13.508969
25563,sh.600600,2024-03-28 15:00:00,0.6336472630500793,2024-03-28 23:01:13.508969
26052,sh.600606,2024-03-28 10:30:00,0.6334817409515381,2024-03-28 23:01:13.508969
26053,sh.600606,2024-03-28 11:30:00,0.6333842277526855,2024-03-28 23:01:13.508969
26054,sh.600606,2024-03-28 14:00:00,0.6334245204925537,2024-03-28 23:01:13.508969
26055,sh.600606,2024-03-28 15:00:00,0.6332384347915649,2024-03-28 23:01:13.508969
26544,sh.600660,2024-03-28 10:30:00,0.6341350674629211,2024-03-28 23:01:13.508969
26545,sh.600660,2024-03-28 11:30:00,0.6345372796058655,2024-03-28 23:01:13.508969
26546,sh.600660,2024-03-28 14:00:00,0.6344977021217346,2024-03-28 23:01:13.508969
26547,sh.600660,2024-03-28 15:00:00,0.6345336437225342,2024-03-28 23:01:13.508969
27036,sh.600674,2024-03-28 10:30:00,0.6335833668708801,2024-03-28 23:01:13.508969
27037,sh.600674,2024-03-28 11:30:00,0.6337926983833313,2024-03-28 23:01:13.508969
27038,sh.600674,2024-03-28 14:00:00,0.6338426470756531,2024-03-28 23:01:13.508969
27039,sh.600674,2024-03-28 15:00:00,0.6338816285133362,2024-03-28 23:01:13.508969
27528,sh.600690,2024-03-28 10:30:00,0.6328446269035339,2024-03-28 23:01:13.508969
27529,sh.600690,2024-03-28 11:30:00,0.6333739757537842,2024-03-28 23:01:13.508969
27530,sh.600690,2024-03-28 14:00:00,0.6338246464729309,2024-03-28 23:01:13.508969
27531,sh.600690,2024-03-28 15:00:00,0.6338589787483215,2024-03-28 23:01:13.508969
28020,sh.600732,2024-03-28 10:30:00,0.6324514150619507,2024-03-28 23:01:13.508969
28021,sh.600732,2024-03-28 11:30:00,0.6326860189437866,2024-03-28 23:01:13.508969
28022,sh.600732,2024-03-28 14:00:00,0.6328691840171814,2024-03-28 23:01:13.508969
28023,sh.600732,2024-03-28 15:00:00,0.6323666572570801,2024-03-28 23:01:13.508969
28512,sh.600741,2024-03-28 10:30:00,0.6339486837387085,2024-03-28 23:01:13.508969
28513,sh.600741,2024-03-28 11:30:00,0.634397029876709,2024-03-28 23:01:13.508969
28514,sh.600741,2024-03-28 14:00:00,0.6342034935951233,2024-03-28 23:01:13.508969
28515,sh.600741,2024-03-28 15:00:00,0.6342180371284485,2024-03-28 23:01:13.508969
29004,sh.600745,2024-03-28 10:30:00,0.6320682168006897,2024-03-28 23:01:13.508969
29005,sh.600745,2024-03-28 11:30:00,0.6331425905227661,2024-03-28 23:01:13.508969
29006,sh.600745,2024-03-28 14:00:00,0.633335292339325,2024-03-28 23:01:13.508969
29007,sh.600745,2024-03-28 15:00:00,0.633102297782898,2024-03-28 23:01:13.508969
29496,sh.600754,2024-03-28 10:30:00,0.6323121786117554,2024-03-28 23:01:13.508969
29497,sh.600754,2024-03-28 11:30:00,0.6326638460159302,2024-03-28 23:01:13.508969
29498,sh.600754,2024-03-28 14:00:00,0.6331692337989807,2024-03-28 23:01:13.508969
29499,sh.600754,2024-03-28 15:00:00,0.6329626441001892,2024-03-28 23:01:13.508969
29988,sh.600760,2024-03-28 10:30:00,0.6338420510292053,2024-03-28 23:01:13.508969
29989,sh.600760,2024-03-28 11:30:00,0.6339705586433411,2024-03-28 23:01:13.508969
29990,sh.600760,2024-03-28 14:00:00,0.6339313387870789,2024-03-28 23:01:13.508969
29991,sh.600760,2024-03-28 15:00:00,0.6339638233184814,2024-03-28 23:01:13.508969
30480,sh.600795,2024-03-28 10:30:00,0.6326609253883362,2024-03-28 23:01:13.508969
30481,sh.600795,2024-03-28 11:30:00,0.6333522200584412,2024-03-28 23:01:13.508969
30482,sh.600795,2024-03-28 14:00:00,0.6334585547447205,2024-03-28 23:01:13.508969
30483,sh.600795,2024-03-28 15:00:00,0.6333825588226318,2024-03-28 23:01:13.508969
30972,sh.600803,2024-03-28 10:30:00,0.632936418056488,2024-03-28 23:01:13.508969
30973,sh.600803,2024-03-28 11:30:00,0.6334805488586426,2024-03-28 23:01:13.508969
30974,sh.600803,2024-03-28 14:00:00,0.6335557103157043,2024-03-28 23:01:13.508969
30975,sh.600803,2024-03-28 15:00:00,0.6332748532295227,2024-03-28 23:01:13.508969
31464,sh.600809,2024-03-28 10:30:00,0.6338438391685486,2024-03-28 23:01:13.508969
31465,sh.600809,2024-03-28 11:30:00,0.6339096426963806,2024-03-28 23:01:13.508969
31466,sh.600809,2024-03-28 14:00:00,0.6338510513305664,2024-03-28 23:01:13.508969
31467,sh.600809,2024-03-28 15:00:00,0.634010374546051,2024-03-28 23:01:13.508969
31956,sh.600837,2024-03-28 10:30:00,0.6340957283973694,2024-03-28 23:01:13.508969
31957,sh.600837,2024-03-28 11:30:00,0.6339873671531677,2024-03-28 23:01:13.508969
31958,sh.600837,2024-03-28 14:00:00,0.6339703798294067,2024-03-28 23:01:13.508969
31959,sh.600837,2024-03-28 15:00:00,0.6338416934013367,2024-03-28 23:01:13.508969
32448,sh.600845,2024-03-28 10:30:00,0.6335085034370422,2024-03-28 23:01:13.508969
32449,sh.600845,2024-03-28 11:30:00,0.6339645385742188,2024-03-28 23:01:13.508969
32450,sh.600845,2024-03-28 14:00:00,0.6340147256851196,2024-03-28 23:01:13.508969
32451,sh.600845,2024-03-28 15:00:00,0.6337836980819702,2024-03-28 23:01:13.508969
32940,sh.600875,2024-03-28 10:30:00,0.6328718662261963,2024-03-28 23:01:13.508969
32941,sh.600875,2024-03-28 11:30:00,0.6334996223449707,2024-03-28 23:01:13.508969
32942,sh.600875,2024-03-28 14:00:00,0.6333233118057251,2024-03-28 23:01:13.508969
32943,sh.600875,2024-03-28 15:00:00,0.63341224193573,2024-03-28 23:01:13.508969
33432,sh.600886,2024-03-28 10:30:00,0.633368968963623,2024-03-28 23:01:13.508969
33433,sh.600886,2024-03-28 11:30:00,0.633627712726593,2024-03-28 23:01:13.508969
33434,sh.600886,2024-03-28 14:00:00,0.6337567567825317,2024-03-28 23:01:13.508969
33435,sh.600886,2024-03-28 15:00:00,0.6338249444961548,2024-03-28 23:01:13.508969
33924,sh.600887,2024-03-28 10:30:00,0.6346080899238586,2024-03-28 23:01:13.508969
33925,sh.600887,2024-03-28 11:30:00,0.6345508694648743,2024-03-28 23:01:13.508969
33926,sh.600887,2024-03-28 14:00:00,0.634329617023468,2024-03-28 23:01:13.508969
33927,sh.600887,2024-03-28 15:00:00,0.6346369981765747,2024-03-28 23:01:13.508969
34416,sh.600893,2024-03-28 10:30:00,0.6333605051040649,2024-03-28 23:01:13.508969
34417,sh.600893,2024-03-28 11:30:00,0.6336816549301147,2024-03-28 23:01:13.508969
34418,sh.600893,2024-03-28 14:00:00,0.6334691643714905,2024-03-28 23:01:13.508969
34419,sh.600893,2024-03-28 15:00:00,0.6334442496299744,2024-03-28 23:01:13.508969
34908,sh.600900,2024-03-28 10:30:00,0.63314288854599,2024-03-28 23:01:13.508969
34909,sh.600900,2024-03-28 11:30:00,0.6334168314933777,2024-03-28 23:01:13.508969
34910,sh.600900,2024-03-28 14:00:00,0.6334468126296997,2024-03-28 23:01:13.508969
34911,sh.600900,2024-03-28 15:00:00,0.6335118412971497,2024-03-28 23:01:13.508969
35400,sh.600905,2024-03-28 10:30:00,0.635124921798706,2024-03-28 23:01:13.508969
35401,sh.600905,2024-03-28 11:30:00,0.635144054889679,2024-03-28 23:01:13.508969
35402,sh.600905,2024-03-28 14:00:00,0.6354250311851501,2024-03-28 23:01:13.508969
35403,sh.600905,2024-03-28 15:00:00,0.635158121585846,2024-03-28 23:01:13.508969
35892,sh.600918,2024-03-28 10:30:00,0.6349167227745056,2024-03-28 23:01:13.508969
35893,sh.600918,2024-03-28 11:30:00,0.635138750076294,2024-03-28 23:01:13.508969
35894,sh.600918,2024-03-28 14:00:00,0.6352838277816772,2024-03-28 23:01:13.508969
35895,sh.600918,2024-03-28 15:00:00,0.6349119544029236,2024-03-28 23:01:13.508969
36384,sh.600919,2024-03-28 10:30:00,0.6334431171417236,2024-03-28 23:01:13.508969
36385,sh.600919,2024-03-28 11:30:00,0.6341942548751831,2024-03-28 23:01:13.508969
36386,sh.600919,2024-03-28 14:00:00,0.6343589425086975,2024-03-28 23:01:13.508969
36387,sh.600919,2024-03-28 15:00:00,0.6341689229011536,2024-03-28 23:01:13.508969
36876,sh.600926,2024-03-28 10:30:00,0.6334616541862488,2024-03-28 23:01:13.508969
36877,sh.600926,2024-03-28 11:30:00,0.6340905427932739,2024-03-28 23:01:13.508969
36878,sh.600926,2024-03-28 14:00:00,0.6338586211204529,2024-03-28 23:01:13.508969
36879,sh.600926,2024-03-28 15:00:00,0.6340760588645935,2024-03-28 23:01:13.508969
37368,sh.600938,2024-03-28 10:30:00,0.6324149370193481,2024-03-28 23:01:13.508969
37369,sh.600938,2024-03-28 11:30:00,0.6329542994499207,2024-03-28 23:01:13.508969
37370,sh.600938,2024-03-28 14:00:00,0.6328584551811218,2024-03-28 23:01:13.508969
37371,sh.600938,2024-03-28 15:00:00,0.6328020691871643,2024-03-28 23:01:13.508969
37860,sh.600941,2024-03-28 10:30:00,0.633285641670227,2024-03-28 23:01:13.508969
37861,sh.600941,2024-03-28 11:30:00,0.6336227059364319,2024-03-28 23:01:13.508969
37862,sh.600941,2024-03-28 14:00:00,0.6338006258010864,2024-03-28 23:01:13.508969
37863,sh.600941,2024-03-28 15:00:00,0.633613109588623,2024-03-28 23:01:13.508969
38352,sh.600958,2024-03-28 10:30:00,0.6340454816818237,2024-03-28 23:01:13.508969
38353,sh.600958,2024-03-28 11:30:00,0.6344138383865356,2024-03-28 23:01:13.508969
38354,sh.600958,2024-03-28 14:00:00,0.6343337893486023,2024-03-28 23:01:13.508969
38355,sh.600958,2024-03-28 15:00:00,0.6343129873275757,2024-03-28 23:01:13.508969
38844,sh.600989,2024-03-28 10:30:00,0.6338338851928711,2024-03-28 23:01:13.508969
38845,sh.600989,2024-03-28 11:30:00,0.6340572237968445,2024-03-28 23:01:13.508969
38846,sh.600989,2024-03-28 14:00:00,0.6344388723373413,2024-03-28 23:01:13.508969
38847,sh.600989,2024-03-28 15:00:00,0.6338619589805603,2024-03-28 23:01:13.508969
39336,sh.600999,2024-03-28 10:30:00,0.6336952447891235,2024-03-28 23:01:13.508969
39337,sh.600999,2024-03-28 11:30:00,0.6341631412506104,2024-03-28 23:01:13.508969
39338,sh.600999,2024-03-28 14:00:00,0.6342495083808899,2024-03-28 23:01:13.508969
39339,sh.600999,2024-03-28 15:00:00,0.6341789364814758,2024-03-28 23:01:13.508969
39828,sh.601006,2024-03-28 10:30:00,0.6334129571914673,2024-03-28 23:01:13.508969
39829,sh.601006,2024-03-28 11:30:00,0.6340429782867432,2024-03-28 23:01:13.508969
39830,sh.601006,2024-03-28 14:00:00,0.6340451836585999,2024-03-28 23:01:13.508969
39831,sh.601006,2024-03-28 15:00:00,0.6339424252510071,2024-03-28 23:01:13.508969
40320,sh.601009,2024-03-28 10:30:00,0.6331139802932739,2024-03-28 23:01:13.508969
40321,sh.601009,2024-03-28 11:30:00,0.6338256597518921,2024-03-28 23:01:13.508969
40322,sh.601009,2024-03-28 14:00:00,0.6338472366333008,2024-03-28 23:01:13.508969
40323,sh.601009,2024-03-28 15:00:00,0.6335974931716919,2024-03-28 23:01:13.508969
40812,sh.601012,2024-03-28 10:30:00,0.6337189674377441,2024-03-28 23:01:13.508969
40813,sh.601012,2024-03-28 11:30:00,0.6337355971336365,2024-03-28 23:01:13.508969
40814,sh.601012,2024-03-28 14:00:00,0.6336548924446106,2024-03-28 23:01:13.508969
40815,sh.601012,2024-03-28 15:00:00,0.6335312128067017,2024-03-28 23:01:13.508969
41304,sh.601021,2024-03-28 10:30:00,0.6335029602050781,2024-03-28 23:01:13.508969
41305,sh.601021,2024-03-28 11:30:00,0.6336686611175537,2024-03-28 23:01:13.508969
41306,sh.601021,2024-03-28 14:00:00,0.6336426138877869,2024-03-28 23:01:13.508969
41307,sh.601021,2024-03-28 15:00:00,0.6337218880653381,2024-03-28 23:01:13.508969
41796,sh.601059,2024-03-28 10:30:00,0.6327995657920837,2024-03-28 23:01:13.508969
41797,sh.601059,2024-03-28 11:30:00,0.6330021619796753,2024-03-28 23:01:13.508969
41798,sh.601059,2024-03-28 14:00:00,0.6329858303070068,2024-03-28 23:01:13.508969
41799,sh.601059,2024-03-28 15:00:00,0.6327496767044067,2024-03-28 23:01:13.508969
42288,sh.601066,2024-03-28 10:30:00,0.6342523097991943,2024-03-28 23:01:13.508969
42289,sh.601066,2024-03-28 11:30:00,0.6342118978500366,2024-03-28 23:01:13.508969
42290,sh.601066,2024-03-28 14:00:00,0.6342774033546448,2024-03-28 23:01:13.508969
42291,sh.601066,2024-03-28 15:00:00,0.6340225338935852,2024-03-28 23:01:13.508969
42780,sh.601088,2024-03-28 10:30:00,0.6324447393417358,2024-03-28 23:01:13.508969
42781,sh.601088,2024-03-28 11:30:00,0.6330143213272095,2024-03-28 23:01:13.508969
42782,sh.601088,2024-03-28 14:00:00,0.6327542662620544,2024-03-28 23:01:13.508969
42783,sh.601088,2024-03-28 15:00:00,0.6328456997871399,2024-03-28 23:01:13.508969
43272,sh.601100,2024-03-28 10:30:00,0.6327831149101257,2024-03-28 23:01:13.508969
43273,sh.601100,2024-03-28 11:30:00,0.6334980726242065,2024-03-28 23:01:13.508969
43274,sh.601100,2024-03-28 14:00:00,0.6333011388778687,2024-03-28 23:01:13.508969
43275,sh.601100,2024-03-28 15:00:00,0.633516252040863,2024-03-28 23:01:13.508969
43764,sh.601111,2024-03-28 10:30:00,0.6340498924255371,2024-03-28 23:01:13.508969
43765,sh.601111,2024-03-28 11:30:00,0.6344419717788696,2024-03-28 23:01:13.508969
43766,sh.601111,2024-03-28 14:00:00,0.6344056725502014,2024-03-28 23:01:13.508969
43767,sh.601111,2024-03-28 15:00:00,0.6343132853507996,2024-03-28 23:01:13.508969
44256,sh.601117,2024-03-28 10:30:00,0.6343740820884705,2024-03-28 23:01:13.508969
44257,sh.601117,2024-03-28 11:30:00,0.6342900991439819,2024-03-28 23:01:13.508969
44258,sh.601117,2024-03-28 14:00:00,0.6345010995864868,2024-03-28 23:01:13.508969
44259,sh.601117,2024-03-28 15:00:00,0.634377658367157,2024-03-28 23:01:13.508969
44748,sh.601138,2024-03-28 10:30:00,0.6302374601364136,2024-03-28 23:01:13.508969
44749,sh.601138,2024-03-28 11:30:00,0.628774881362915,2024-03-28 23:01:13.508969
44750,sh.601138,2024-03-28 14:00:00,0.6298731565475464,2024-03-28 23:01:13.508969
44751,sh.601138,2024-03-28 15:00:00,0.6305699348449707,2024-03-28 23:01:13.508969
45240,sh.601155,2024-03-28 10:30:00,0.6334700584411621,2024-03-28 23:01:13.508969
45241,sh.601155,2024-03-28 11:30:00,0.6337192058563232,2024-03-28 23:01:13.508969
45242,sh.601155,2024-03-28 14:00:00,0.6335847973823547,2024-03-28 23:01:13.508969
45243,sh.601155,2024-03-28 15:00:00,0.6336131691932678,2024-03-28 23:01:13.508969
45732,sh.601166,2024-03-28 10:30:00,0.632526695728302,2024-03-28 23:01:13.508969
45733,sh.601166,2024-03-28 11:30:00,0.6335593461990356,2024-03-28 23:01:13.508969
45734,sh.601166,2024-03-28 14:00:00,0.6334986090660095,2024-03-28 23:01:13.508969
45735,sh.601166,2024-03-28 15:00:00,0.6333341002464294,2024-03-28 23:01:13.508969
46224,sh.601169,2024-03-28 10:30:00,0.6326163411140442,2024-03-28 23:01:13.508969
46225,sh.601169,2024-03-28 11:30:00,0.6335020065307617,2024-03-28 23:01:13.508969
46226,sh.601169,2024-03-28 14:00:00,0.6332722306251526,2024-03-28 23:01:13.508969
46227,sh.601169,2024-03-28 15:00:00,0.6331605911254883,2024-03-28 23:01:13.508969
46716,sh.601186,2024-03-28 10:30:00,0.6334453821182251,2024-03-28 23:01:13.508969
46717,sh.601186,2024-03-28 11:30:00,0.6339136958122253,2024-03-28 23:01:13.508969
46718,sh.601186,2024-03-28 14:00:00,0.6341534852981567,2024-03-28 23:01:13.508969
46719,sh.601186,2024-03-28 15:00:00,0.6337100863456726,2024-03-28 23:01:13.508969
47208,sh.601211,2024-03-28 10:30:00,0.6338857412338257,2024-03-28 23:01:13.508969
47209,sh.601211,2024-03-28 11:30:00,0.6341161727905273,2024-03-28 23:01:13.508969
47210,sh.601211,2024-03-28 14:00:00,0.6342462301254272,2024-03-28 23:01:13.508969
47211,sh.601211,2024-03-28 15:00:00,0.6341408491134644,2024-03-28 23:01:13.508969
47700,sh.601225,2024-03-28 10:30:00,0.6318357586860657,2024-03-28 23:01:13.508969
47701,sh.601225,2024-03-28 11:30:00,0.6326619982719421,2024-03-28 23:01:13.508969
47702,sh.601225,2024-03-28 14:00:00,0.63282710313797,2024-03-28 23:01:13.508969
47703,sh.601225,2024-03-28 15:00:00,0.6327682733535767,2024-03-28 23:01:13.508969
48192,sh.601229,2024-03-28 10:30:00,0.633537769317627,2024-03-28 23:01:13.508969
48193,sh.601229,2024-03-28 11:30:00,0.6339756846427917,2024-03-28 23:01:13.508969
48194,sh.601229,2024-03-28 14:00:00,0.6342748999595642,2024-03-28 23:01:13.508969
48195,sh.601229,2024-03-28 15:00:00,0.6340047121047974,2024-03-28 23:01:13.508969
48684,sh.601236,2024-03-28 10:30:00,0.6346309781074524,2024-03-28 23:01:13.508969
48685,sh.601236,2024-03-28 11:30:00,0.6347262263298035,2024-03-28 23:01:13.508969
48686,sh.601236,2024-03-28 14:00:00,0.6348401308059692,2024-03-28 23:01:13.508969
48687,sh.601236,2024-03-28 15:00:00,0.6347652673721313,2024-03-28 23:01:13.508969
49176,sh.601238,2024-03-28 10:30:00,0.6331303119659424,2024-03-28 23:01:13.508969
49177,sh.601238,2024-03-28 11:30:00,0.6339446306228638,2024-03-28 23:01:13.508969
49178,sh.601238,2024-03-28 14:00:00,0.6338039040565491,2024-03-28 23:01:13.508969
49179,sh.601238,2024-03-28 15:00:00,0.6339302062988281,2024-03-28 23:01:13.508969
49668,sh.601288,2024-03-28 10:30:00,0.6322306394577026,2024-03-28 23:01:13.508969
49669,sh.601288,2024-03-28 11:30:00,0.633721649646759,2024-03-28 23:01:13.508969
49670,sh.601288,2024-03-28 14:00:00,0.6339253783226013,2024-03-28 23:01:13.508969
49671,sh.601288,2024-03-28 15:00:00,0.633776843547821,2024-03-28 23:01:13.508969
50160,sh.601318,2024-03-28 10:30:00,0.6338126063346863,2024-03-28 23:01:13.508969
50161,sh.601318,2024-03-28 11:30:00,0.6337409019470215,2024-03-28 23:01:13.508969
50162,sh.601318,2024-03-28 14:00:00,0.633798360824585,2024-03-28 23:01:13.508969
50163,sh.601318,2024-03-28 15:00:00,0.6334817409515381,2024-03-28 23:01:13.508969
50652,sh.601319,2024-03-28 10:30:00,0.6345360279083252,2024-03-28 23:01:13.508969
50653,sh.601319,2024-03-28 11:30:00,0.6350039839744568,2024-03-28 23:01:13.508969
50654,sh.601319,2024-03-28 14:00:00,0.6348786950111389,2024-03-28 23:01:13.508969
50655,sh.601319,2024-03-28 15:00:00,0.63492751121521,2024-03-28 23:01:13.508969
51144,sh.601328,2024-03-28 10:30:00,0.6319015622138977,2024-03-28 23:01:13.508969
51145,sh.601328,2024-03-28 11:30:00,0.6333921551704407,2024-03-28 23:01:13.508969
51146,sh.601328,2024-03-28 14:00:00,0.6335415244102478,2024-03-28 23:01:13.508969
51147,sh.601328,2024-03-28 15:00:00,0.6334817409515381,2024-03-28 23:01:13.508969
51636,sh.601336,2024-03-28 10:30:00,0.6330963969230652,2024-03-28 23:01:13.508969
51637,sh.601336,2024-03-28 11:30:00,0.6337762475013733,2024-03-28 23:01:13.508969
51638,sh.601336,2024-03-28 14:00:00,0.6337096095085144,2024-03-28 23:01:13.508969
51639,sh.601336,2024-03-28 15:00:00,0.6338220834732056,2024-03-28 23:01:13.508969
52128,sh.601360,2024-03-28 10:30:00,0.6311322450637817,2024-03-28 23:01:13.508969
52129,sh.601360,2024-03-28 11:30:00,0.6320796608924866,2024-03-28 23:01:13.508969
52130,sh.601360,2024-03-28 14:00:00,0.6317927241325378,2024-03-28 23:01:13.508969
52131,sh.601360,2024-03-28 15:00:00,0.6318097710609436,2024-03-28 23:01:13.508969
52620,sh.601377,2024-03-28 10:30:00,0.6339883804321289,2024-03-28 23:01:13.508969
52621,sh.601377,2024-03-28 11:30:00,0.6339632868766785,2024-03-28 23:01:13.508969
52622,sh.601377,2024-03-28 14:00:00,0.6341750025749207,2024-03-28 23:01:13.508969
52623,sh.601377,2024-03-28 15:00:00,0.6338284015655518,2024-03-28 23:01:13.508969
53112,sh.601390,2024-03-28 10:30:00,0.6332343816757202,2024-03-28 23:01:13.508969
53113,sh.601390,2024-03-28 11:30:00,0.634003221988678,2024-03-28 23:01:13.508969
53114,sh.601390,2024-03-28 14:00:00,0.6341162919998169,2024-03-28 23:01:13.508969
53115,sh.601390,2024-03-28 15:00:00,0.6341457366943359,2024-03-28 23:01:13.508969
53604,sh.601398,2024-03-28 10:30:00,0.6320618987083435,2024-03-28 23:01:13.508969
53605,sh.601398,2024-03-28 11:30:00,0.633517861366272,2024-03-28 23:01:13.508969
53606,sh.601398,2024-03-28 14:00:00,0.6335082054138184,2024-03-28 23:01:13.508969
53607,sh.601398,2024-03-28 15:00:00,0.6335240006446838,2024-03-28 23:01:13.508969
54096,sh.601600,2024-03-28 10:30:00,0.6328128576278687,2024-03-28 23:01:13.508969
54097,sh.601600,2024-03-28 11:30:00,0.6341416239738464,2024-03-28 23:01:13.508969
54098,sh.601600,2024-03-28 14:00:00,0.6336240172386169,2024-03-28 23:01:13.508969
54099,sh.601600,2024-03-28 15:00:00,0.6339313387870789,2024-03-28 23:01:13.508969
54588,sh.601601,2024-03-28 10:30:00,0.6332380771636963,2024-03-28 23:01:13.508969
54589,sh.601601,2024-03-28 11:30:00,0.6333330273628235,2024-03-28 23:01:13.508969
54590,sh.601601,2024-03-28 14:00:00,0.6333779096603394,2024-03-28 23:01:13.508969
54591,sh.601601,2024-03-28 15:00:00,0.6332983374595642,2024-03-28 23:01:13.508969
55080,sh.601607,2024-03-28 10:30:00,0.6339504718780518,2024-03-28 23:01:13.508969
55081,sh.601607,2024-03-28 11:30:00,0.6340479850769043,2024-03-28 23:01:13.508969
55082,sh.601607,2024-03-28 14:00:00,0.6340026259422302,2024-03-28 23:01:13.508969
55083,sh.601607,2024-03-28 15:00:00,0.6339450478553772,2024-03-28 23:01:13.508969
55572,sh.601615,2024-03-28 10:30:00,0.6336895823478699,2024-03-28 23:01:13.508969
55573,sh.601615,2024-03-28 11:30:00,0.6338940262794495,2024-03-28 23:01:13.508969
55574,sh.601615,2024-03-28 14:00:00,0.6336938738822937,2024-03-28 23:01:13.508969
55575,sh.601615,2024-03-28 15:00:00,0.6337214112281799,2024-03-28 23:01:13.508969
56064,sh.601618,2024-03-28 10:30:00,0.6348058581352234,2024-03-28 23:01:13.508969
56065,sh.601618,2024-03-28 11:30:00,0.6348124146461487,2024-03-28 23:01:13.508969
56066,sh.601618,2024-03-28 14:00:00,0.6349876523017883,2024-03-28 23:01:13.508969
56067,sh.601618,2024-03-28 15:00:00,0.6347659230232239,2024-03-28 23:01:13.508969
56556,sh.601628,2024-03-28 10:30:00,0.6332265734672546,2024-03-28 23:01:13.508969
56557,sh.601628,2024-03-28 11:30:00,0.6337912678718567,2024-03-28 23:01:13.508969
56558,sh.601628,2024-03-28 14:00:00,0.6336843967437744,2024-03-28 23:01:13.508969
56559,sh.601628,2024-03-28 15:00:00,0.6335767507553101,2024-03-28 23:01:13.508969
57048,sh.601633,2024-03-28 10:30:00,0.6330133676528931,2024-03-28 23:01:13.508969
57049,sh.601633,2024-03-28 11:30:00,0.6332473158836365,2024-03-28 23:01:13.508969
57050,sh.601633,2024-03-28 14:00:00,0.6331067085266113,2024-03-28 23:01:13.508969
57051,sh.601633,2024-03-28 15:00:00,0.6333800554275513,2024-03-28 23:01:13.508969
57540,sh.601658,2024-03-28 10:30:00,0.6339182257652283,2024-03-28 23:01:13.508969
57541,sh.601658,2024-03-28 11:30:00,0.6347689032554626,2024-03-28 23:01:13.508969
57542,sh.601658,2024-03-28 14:00:00,0.6348269581794739,2024-03-28 23:01:13.508969
57543,sh.601658,2024-03-28 15:00:00,0.6347647905349731,2024-03-28 23:01:13.508969
58032,sh.601668,2024-03-28 10:30:00,0.6335360407829285,2024-03-28 23:01:13.508969
58033,sh.601668,2024-03-28 11:30:00,0.6337904334068298,2024-03-28 23:01:13.508969
58034,sh.601668,2024-03-28 14:00:00,0.6338982582092285,2024-03-28 23:01:13.508969
58035,sh.601668,2024-03-28 15:00:00,0.6335780024528503,2024-03-28 23:01:13.508969
58524,sh.601669,2024-03-28 10:30:00,0.6344245672225952,2024-03-28 23:01:13.508969
58525,sh.601669,2024-03-28 11:30:00,0.6346290111541748,2024-03-28 23:01:13.508969
58526,sh.601669,2024-03-28 14:00:00,0.6347670555114746,2024-03-28 23:01:13.508969
58527,sh.601669,2024-03-28 15:00:00,0.6346660256385803,2024-03-28 23:01:13.508969
59016,sh.601688,2024-03-28 10:30:00,0.6336764097213745,2024-03-28 23:01:13.508969
59017,sh.601688,2024-03-28 11:30:00,0.6335786581039429,2024-03-28 23:01:13.508969
59018,sh.601688,2024-03-28 14:00:00,0.6337522864341736,2024-03-28 23:01:13.508969
59019,sh.601688,2024-03-28 15:00:00,0.633513331413269,2024-03-28 23:01:13.508969
59508,sh.601689,2024-03-28 10:30:00,0.63161301612854,2024-03-28 23:01:13.508969
59509,sh.601689,2024-03-28 11:30:00,0.6326672434806824,2024-03-28 23:01:13.508969
59510,sh.601689,2024-03-28 14:00:00,0.6326169371604919,2024-03-28 23:01:13.508969
59511,sh.601689,2024-03-28 15:00:00,0.6319931745529175,2024-03-28 23:01:13.508969
60000,sh.601698,2024-03-28 10:30:00,0.6329435706138611,2024-03-28 23:01:13.508969
60001,sh.601698,2024-03-28 11:30:00,0.6333504915237427,2024-03-28 23:01:13.508969
60002,sh.601698,2024-03-28 14:00:00,0.6325357556343079,2024-03-28 23:01:13.508969
60003,sh.601698,2024-03-28 15:00:00,0.6327539086341858,2024-03-28 23:01:13.508969
60492,sh.601699,2024-03-28 10:30:00,0.6331366896629333,2024-03-28 23:01:13.508969
60493,sh.601699,2024-03-28 11:30:00,0.6332753896713257,2024-03-28 23:01:13.508969
60494,sh.601699,2024-03-28 14:00:00,0.6332577466964722,2024-03-28 23:01:13.508969
60495,sh.601699,2024-03-28 15:00:00,0.6332389116287231,2024-03-28 23:01:13.508969
60984,sh.601728,2024-03-28 10:30:00,0.6336621642112732,2024-03-28 23:01:13.508969
60985,sh.601728,2024-03-28 11:30:00,0.6343979835510254,2024-03-28 23:01:13.508969
60986,sh.601728,2024-03-28 14:00:00,0.6347241401672363,2024-03-28 23:01:13.508969
60987,sh.601728,2024-03-28 15:00:00,0.6342458128929138,2024-03-28 23:01:13.508969
61476,sh.601766,2024-03-28 10:30:00,0.6342883706092834,2024-03-28 23:01:13.508969
61477,sh.601766,2024-03-28 11:30:00,0.6346083879470825,2024-03-28 23:01:13.508969
61478,sh.601766,2024-03-28 14:00:00,0.6343981623649597,2024-03-28 23:01:13.508969
61479,sh.601766,2024-03-28 15:00:00,0.6343267560005188,2024-03-28 23:01:13.508969
61968,sh.601788,2024-03-28 10:30:00,0.6333557367324829,2024-03-28 23:01:13.508969
61969,sh.601788,2024-03-28 11:30:00,0.6334960460662842,2024-03-28 23:01:13.508969
61970,sh.601788,2024-03-28 14:00:00,0.6337052583694458,2024-03-28 23:01:13.508969
61971,sh.601788,2024-03-28 15:00:00,0.6334678530693054,2024-03-28 23:01:13.508969
62460,sh.601799,2024-03-28 10:30:00,0.6325463056564331,2024-03-28 23:01:13.508969
62461,sh.601799,2024-03-28 11:30:00,0.6329181790351868,2024-03-28 23:01:13.508969
62462,sh.601799,2024-03-28 14:00:00,0.6325766444206238,2024-03-28 23:01:13.508969
62463,sh.601799,2024-03-28 15:00:00,0.6329535245895386,2024-03-28 23:01:13.508969
62952,sh.601800,2024-03-28 10:30:00,0.6332004070281982,2024-03-28 23:01:13.508969
62953,sh.601800,2024-03-28 11:30:00,0.6337823867797852,2024-03-28 23:01:13.508969
62954,sh.601800,2024-03-28 14:00:00,0.6340134739875793,2024-03-28 23:01:13.508969
62955,sh.601800,2024-03-28 15:00:00,0.633659839630127,2024-03-28 23:01:13.508969
63444,sh.601808,2024-03-28 10:30:00,0.6325907707214355,2024-03-28 23:01:13.508969
63445,sh.601808,2024-03-28 11:30:00,0.6334721446037292,2024-03-28 23:01:13.508969
63446,sh.601808,2024-03-28 14:00:00,0.6335429549217224,2024-03-28 23:01:13.508969
63447,sh.601808,2024-03-28 15:00:00,0.6334788203239441,2024-03-28 23:01:13.508969
63936,sh.601816,2024-03-28 10:30:00,0.6349669694900513,2024-03-28 23:01:13.508969
63937,sh.601816,2024-03-28 11:30:00,0.6351110935211182,2024-03-28 23:01:13.508969
63938,sh.601816,2024-03-28 14:00:00,0.63527911901474,2024-03-28 23:01:13.508969
63939,sh.601816,2024-03-28 15:00:00,0.635055422782898,2024-03-28 23:01:13.508969
64428,sh.601818,2024-03-28 10:30:00,0.6316397786140442,2024-03-28 23:01:13.508969
64429,sh.601818,2024-03-28 11:30:00,0.6339508891105652,2024-03-28 23:01:13.508969
64430,sh.601818,2024-03-28 14:00:00,0.6341997981071472,2024-03-28 23:01:13.508969
64431,sh.601818,2024-03-28 15:00:00,0.6342253684997559,2024-03-28 23:01:13.508969
64920,sh.601838,2024-03-28 10:30:00,0.633632242679596,2024-03-28 23:01:13.508969
64921,sh.601838,2024-03-28 11:30:00,0.6342235803604126,2024-03-28 23:01:13.508969
64922,sh.601838,2024-03-28 14:00:00,0.6340600252151489,2024-03-28 23:01:13.508969
64923,sh.601838,2024-03-28 15:00:00,0.6344010829925537,2024-03-28 23:01:13.508969
65412,sh.601857,2024-03-28 10:30:00,0.6324540972709656,2024-03-28 23:01:13.508969
65413,sh.601857,2024-03-28 11:30:00,0.6329875588417053,2024-03-28 23:01:13.508969
65414,sh.601857,2024-03-28 14:00:00,0.6329430341720581,2024-03-28 23:01:13.508969
65415,sh.601857,2024-03-28 15:00:00,0.6330200433731079,2024-03-28 23:01:13.508969
65904,sh.601865,2024-03-28 10:30:00,0.6313529014587402,2024-03-28 23:01:13.508969
65905,sh.601865,2024-03-28 11:30:00,0.633002519607544,2024-03-28 23:01:13.508969
65906,sh.601865,2024-03-28 14:00:00,0.6320615410804749,2024-03-28 23:01:13.508969
65907,sh.601865,2024-03-28 15:00:00,0.6321422457695007,2024-03-28 23:01:13.508969
66396,sh.601868,2024-03-28 10:30:00,0.6355001926422119,2024-03-28 23:01:13.508969
66397,sh.601868,2024-03-28 11:30:00,0.6354053616523743,2024-03-28 23:01:13.508969
66398,sh.601868,2024-03-28 14:00:00,0.6350593566894531,2024-03-28 23:01:13.508969
66399,sh.601868,2024-03-28 15:00:00,0.6353262662887573,2024-03-28 23:01:13.508969
66888,sh.601872,2024-03-28 10:30:00,0.633227527141571,2024-03-28 23:01:13.508969
66889,sh.601872,2024-03-28 11:30:00,0.6341533660888672,2024-03-28 23:01:13.508969
66890,sh.601872,2024-03-28 14:00:00,0.6339594125747681,2024-03-28 23:01:13.508969
66891,sh.601872,2024-03-28 15:00:00,0.6336677670478821,2024-03-28 23:01:13.508969
67380,sh.601877,2024-03-28 10:30:00,0.633854866027832,2024-03-28 23:01:13.508969
67381,sh.601877,2024-03-28 11:30:00,0.6339937448501587,2024-03-28 23:01:13.508969
67382,sh.601877,2024-03-28 14:00:00,0.6340343952178955,2024-03-28 23:01:13.508969
67383,sh.601877,2024-03-28 15:00:00,0.6339989900588989,2024-03-28 23:01:13.508969
67872,sh.601878,2024-03-28 10:30:00,0.6318701505661011,2024-03-28 23:01:13.508969
67873,sh.601878,2024-03-28 11:30:00,0.633619487285614,2024-03-28 23:01:13.508969
67874,sh.601878,2024-03-28 14:00:00,0.6331525444984436,2024-03-28 23:01:13.508969
67875,sh.601878,2024-03-28 15:00:00,0.6319150328636169,2024-03-28 23:01:13.508969
68364,sh.601881,2024-03-28 10:30:00,0.6331519484519958,2024-03-28 23:01:13.508969
68365,sh.601881,2024-03-28 11:30:00,0.6331766843795776,2024-03-28 23:01:13.508969
68366,sh.601881,2024-03-28 14:00:00,0.6332377195358276,2024-03-28 23:01:13.508969
68367,sh.601881,2024-03-28 15:00:00,0.6329476237297058,2024-03-28 23:01:13.508969
68856,sh.601888,2024-03-28 10:30:00,0.6320621371269226,2024-03-28 23:01:13.508969
68857,sh.601888,2024-03-28 11:30:00,0.6333786845207214,2024-03-28 23:01:13.508969
68858,sh.601888,2024-03-28 14:00:00,0.6333421468734741,2024-03-28 23:01:13.508969
68859,sh.601888,2024-03-28 15:00:00,0.6334049105644226,2024-03-28 23:01:13.508969
69348,sh.601898,2024-03-28 10:30:00,0.6333810687065125,2024-03-28 23:01:13.508969
69349,sh.601898,2024-03-28 11:30:00,0.633614182472229,2024-03-28 23:01:13.508969
69350,sh.601898,2024-03-28 14:00:00,0.6336649060249329,2024-03-28 23:01:13.508969
69351,sh.601898,2024-03-28 15:00:00,0.6336287260055542,2024-03-28 23:01:13.508969
69840,sh.601899,2024-03-28 10:30:00,0.6313111782073975,2024-03-28 23:01:13.508969
69841,sh.601899,2024-03-28 11:30:00,0.632002592086792,2024-03-28 23:01:13.508969
69842,sh.601899,2024-03-28 14:00:00,0.6320000886917114,2024-03-28 23:01:13.508969
69843,sh.601899,2024-03-28 15:00:00,0.6320338845252991,2024-03-28 23:01:13.508969
70332,sh.601901,2024-03-28 10:30:00,0.6332454085350037,2024-03-28 23:01:13.508969
70333,sh.601901,2024-03-28 11:30:00,0.6331928372383118,2024-03-28 23:01:13.508969
70334,sh.601901,2024-03-28 14:00:00,0.6332180500030518,2024-03-28 23:01:13.508969
70335,sh.601901,2024-03-28 15:00:00,0.6332889795303345,2024-03-28 23:01:13.508969
70800,sh.601916,2024-03-28 10:30:00,0.6340370774269104,2024-03-28 23:01:13.508969
70801,sh.601916,2024-03-28 11:30:00,0.6348468065261841,2024-03-28 23:01:13.508969
70802,sh.601916,2024-03-28 14:00:00,0.6348757147789001,2024-03-28 23:01:13.508969
70803,sh.601916,2024-03-28 15:00:00,0.6347801089286804,2024-03-28 23:01:13.508969
71292,sh.601919,2024-03-28 10:30:00,0.6333770751953125,2024-03-28 23:01:13.508969
71293,sh.601919,2024-03-28 11:30:00,0.6337190866470337,2024-03-28 23:01:13.508969
71294,sh.601919,2024-03-28 14:00:00,0.6337199807167053,2024-03-28 23:01:13.508969
71295,sh.601919,2024-03-28 15:00:00,0.6335388422012329,2024-03-28 23:01:13.508969
71784,sh.601939,2024-03-28 10:30:00,0.6325381994247437,2024-03-28 23:01:13.508969
71785,sh.601939,2024-03-28 11:30:00,0.6336247324943542,2024-03-28 23:01:13.508969
71786,sh.601939,2024-03-28 14:00:00,0.6338592767715454,2024-03-28 23:01:13.508969
71787,sh.601939,2024-03-28 15:00:00,0.6338448524475098,2024-03-28 23:01:13.508969
72276,sh.601985,2024-03-28 10:30:00,0.6336882710456848,2024-03-28 23:01:13.508969
72277,sh.601985,2024-03-28 11:30:00,0.6340188980102539,2024-03-28 23:01:13.508969
72278,sh.601985,2024-03-28 14:00:00,0.634196400642395,2024-03-28 23:01:13.508969
72279,sh.601985,2024-03-28 15:00:00,0.6342697143554688,2024-03-28 23:01:13.508969
72768,sh.601988,2024-03-28 10:30:00,0.6325159668922424,2024-03-28 23:01:13.508969
72769,sh.601988,2024-03-28 11:30:00,0.6337809562683105,2024-03-28 23:01:13.508969
72770,sh.601988,2024-03-28 14:00:00,0.6338300108909607,2024-03-28 23:01:13.508969
72771,sh.601988,2024-03-28 15:00:00,0.6337484121322632,2024-03-28 23:01:13.508969
73260,sh.601989,2024-03-28 10:30:00,0.6340747475624084,2024-03-28 23:01:13.508969
73261,sh.601989,2024-03-28 11:30:00,0.6341843605041504,2024-03-28 23:01:13.508969
73262,sh.601989,2024-03-28 14:00:00,0.6343836784362793,2024-03-28 23:01:13.508969
73263,sh.601989,2024-03-28 15:00:00,0.6343536972999573,2024-03-28 23:01:13.508969
73752,sh.601995,2024-03-28 10:30:00,0.6337851285934448,2024-03-28 23:01:13.508969
73753,sh.601995,2024-03-28 11:30:00,0.6337470412254333,2024-03-28 23:01:13.508969
73754,sh.601995,2024-03-28 14:00:00,0.633800745010376,2024-03-28 23:01:13.508969
73755,sh.601995,2024-03-28 15:00:00,0.633642852306366,2024-03-28 23:01:13.508969
74244,sh.601998,2024-03-28 10:30:00,0.6334506273269653,2024-03-28 23:01:13.508969
74245,sh.601998,2024-03-28 11:30:00,0.634397029876709,2024-03-28 23:01:13.508969
74246,sh.601998,2024-03-28 14:00:00,0.6340393424034119,2024-03-28 23:01:13.508969
74247,sh.601998,2024-03-28 15:00:00,0.6340720057487488,2024-03-28 23:01:13.508969
74736,sh.603019,2024-03-28 10:30:00,0.6308681964874268,2024-03-28 23:01:13.508969
74737,sh.603019,2024-03-28 11:30:00,0.6305415630340576,2024-03-28 23:01:13.508969
74738,sh.603019,2024-03-28 14:00:00,0.6308921575546265,2024-03-28 23:01:13.508969
74739,sh.603019,2024-03-28 15:00:00,0.6310890316963196,2024-03-28 23:01:13.508969
75228,sh.603195,2024-03-28 10:30:00,0.6333182454109192,2024-03-28 23:01:13.508969
75229,sh.603195,2024-03-28 11:30:00,0.6334673762321472,2024-03-28 23:01:13.508969
75230,sh.603195,2024-03-28 14:00:00,0.6333827376365662,2024-03-28 23:01:13.508969
75231,sh.603195,2024-03-28 15:00:00,0.6334952116012573,2024-03-28 23:01:13.508969
75720,sh.603259,2024-03-28 10:30:00,0.6335936784744263,2024-03-28 23:01:13.508969
75721,sh.603259,2024-03-28 11:30:00,0.6337274312973022,2024-03-28 23:01:13.508969
75722,sh.603259,2024-03-28 14:00:00,0.6335867643356323,2024-03-28 23:01:13.508969
75723,sh.603259,2024-03-28 15:00:00,0.6338629126548767,2024-03-28 23:01:13.508969
76212,sh.603260,2024-03-28 10:30:00,0.6335418820381165,2024-03-28 23:01:13.508969
76213,sh.603260,2024-03-28 11:30:00,0.6336241960525513,2024-03-28 23:01:13.508969
76214,sh.603260,2024-03-28 14:00:00,0.6336065530776978,2024-03-28 23:01:13.508969
76215,sh.603260,2024-03-28 15:00:00,0.6334628462791443,2024-03-28 23:01:13.508969
76704,sh.603288,2024-03-28 10:30:00,0.6331191062927246,2024-03-28 23:01:13.508969
76705,sh.603288,2024-03-28 11:30:00,0.6335216760635376,2024-03-28 23:01:13.508969
76706,sh.603288,2024-03-28 14:00:00,0.6332837343215942,2024-03-28 23:01:13.508969
76707,sh.603288,2024-03-28 15:00:00,0.6335310935974121,2024-03-28 23:01:13.508969
77196,sh.603290,2024-03-28 10:30:00,0.6332193613052368,2024-03-28 23:01:13.508969
77197,sh.603290,2024-03-28 11:30:00,0.6331720948219299,2024-03-28 23:01:13.508969
77198,sh.603290,2024-03-28 14:00:00,0.6332036256790161,2024-03-28 23:01:13.508969
77199,sh.603290,2024-03-28 15:00:00,0.6331477165222168,2024-03-28 23:01:13.508969
77688,sh.603369,2024-03-28 10:30:00,0.632773756980896,2024-03-28 23:01:13.508969
77689,sh.603369,2024-03-28 11:30:00,0.6331506371498108,2024-03-28 23:01:13.508969
77690,sh.603369,2024-03-28 14:00:00,0.6328760981559753,2024-03-28 23:01:13.508969
77691,sh.603369,2024-03-28 15:00:00,0.6332324743270874,2024-03-28 23:01:13.508969
78180,sh.603392,2024-03-28 10:30:00,0.6310108304023743,2024-03-28 23:01:13.508969
78181,sh.603392,2024-03-28 11:30:00,0.6314916610717773,2024-03-28 23:01:13.508969
78182,sh.603392,2024-03-28 14:00:00,0.6316395998001099,2024-03-28 23:01:13.508969
78183,sh.603392,2024-03-28 15:00:00,0.6318241357803345,2024-03-28 23:01:13.508969
78672,sh.603486,2024-03-28 10:30:00,0.6335377097129822,2024-03-28 23:01:13.508969
78673,sh.603486,2024-03-28 11:30:00,0.6335615515708923,2024-03-28 23:01:13.508969
78674,sh.603486,2024-03-28 14:00:00,0.6335092186927795,2024-03-28 23:01:13.508969
78675,sh.603486,2024-03-28 15:00:00,0.6335456371307373,2024-03-28 23:01:13.508969
79164,sh.603501,2024-03-28 10:30:00,0.63258296251297,2024-03-28 23:01:13.508969
79165,sh.603501,2024-03-28 11:30:00,0.6327329874038696,2024-03-28 23:01:13.508969
79166,sh.603501,2024-03-28 14:00:00,0.6327114701271057,2024-03-28 23:01:13.508969
79167,sh.603501,2024-03-28 15:00:00,0.6326160430908203,2024-03-28 23:01:13.508969
79656,sh.603659,2024-03-28 10:30:00,0.6321085691452026,2024-03-28 23:01:13.508969
79657,sh.603659,2024-03-28 11:30:00,0.6331252455711365,2024-03-28 23:01:13.508969
79658,sh.603659,2024-03-28 14:00:00,0.632830798625946,2024-03-28 23:01:13.508969
79659,sh.603659,2024-03-28 15:00:00,0.6330022811889648,2024-03-28 23:01:13.508969
80148,sh.603799,2024-03-28 10:30:00,0.6331937909126282,2024-03-28 23:01:13.508969
80149,sh.603799,2024-03-28 11:30:00,0.6334607005119324,2024-03-28 23:01:13.508969
80150,sh.603799,2024-03-28 14:00:00,0.6333214044570923,2024-03-28 23:01:13.508969
80151,sh.603799,2024-03-28 15:00:00,0.6333333849906921,2024-03-28 23:01:13.508969
80640,sh.603806,2024-03-28 10:30:00,0.631803572177887,2024-03-28 23:01:13.508969
80641,sh.603806,2024-03-28 11:30:00,0.6323277950286865,2024-03-28 23:01:13.508969
80642,sh.603806,2024-03-28 14:00:00,0.6321319341659546,2024-03-28 23:01:13.508969
80643,sh.603806,2024-03-28 15:00:00,0.63234543800354,2024-03-28 23:01:13.508969
81132,sh.603833,2024-03-28 10:30:00,0.63346266746521,2024-03-28 23:01:13.508969
81133,sh.603833,2024-03-28 11:30:00,0.6335586309432983,2024-03-28 23:01:13.508969
81134,sh.603833,2024-03-28 14:00:00,0.6336430907249451,2024-03-28 23:01:13.508969
81135,sh.603833,2024-03-28 15:00:00,0.6336733102798462,2024-03-28 23:01:13.508969
81624,sh.603899,2024-03-28 10:30:00,0.6330627202987671,2024-03-28 23:01:13.508969
81625,sh.603899,2024-03-28 11:30:00,0.6334253549575806,2024-03-28 23:01:13.508969
81626,sh.603899,2024-03-28 14:00:00,0.6333428025245667,2024-03-28 23:01:13.508969
81627,sh.603899,2024-03-28 15:00:00,0.6333770155906677,2024-03-28 23:01:13.508969
82116,sh.603986,2024-03-28 10:30:00,0.6325347423553467,2024-03-28 23:01:13.508969
82117,sh.603986,2024-03-28 11:30:00,0.633629322052002,2024-03-28 23:01:13.508969
82118,sh.603986,2024-03-28 14:00:00,0.6335704922676086,2024-03-28 23:01:13.508969
82119,sh.603986,2024-03-28 15:00:00,0.6337454915046692,2024-03-28 23:01:13.508969
82608,sh.603993,2024-03-28 10:30:00,0.6300929188728333,2024-03-28 23:01:13.508969
82609,sh.603993,2024-03-28 11:30:00,0.6312841176986694,2024-03-28 23:01:13.508969
82610,sh.603993,2024-03-28 14:00:00,0.6316707730293274,2024-03-28 23:01:13.508969
82611,sh.603993,2024-03-28 15:00:00,0.6317929029464722,2024-03-28 23:01:13.508969
83100,sh.605117,2024-03-28 10:30:00,0.6290444135665894,2024-03-28 23:01:13.508969
83101,sh.605117,2024-03-28 11:30:00,0.6306930780410767,2024-03-28 23:01:13.508969
83102,sh.605117,2024-03-28 14:00:00,0.6310086250305176,2024-03-28 23:01:13.508969
83103,sh.605117,2024-03-28 15:00:00,0.630793571472168,2024-03-28 23:01:13.508969
83592,sh.605499,2024-03-28 10:30:00,0.6331332325935364,2024-03-28 23:01:13.508969
83593,sh.605499,2024-03-28 11:30:00,0.633216142654419,2024-03-28 23:01:13.508969
83594,sh.605499,2024-03-28 14:00:00,0.6332268714904785,2024-03-28 23:01:13.508969
83595,sh.605499,2024-03-28 15:00:00,0.6331848502159119,2024-03-28 23:01:13.508969
84084,sh.688008,2024-03-28 10:30:00,0.6323495507240295,2024-03-28 23:01:13.508969
84085,sh.688008,2024-03-28 11:30:00,0.6329373717308044,2024-03-28 23:01:13.508969
84086,sh.688008,2024-03-28 14:00:00,0.6328643560409546,2024-03-28 23:01:13.508969
84087,sh.688008,2024-03-28 15:00:00,0.6330273151397705,2024-03-28 23:01:13.508969
84576,sh.688012,2024-03-28 10:30:00,0.6319989562034607,2024-03-28 23:01:13.508969
84577,sh.688012,2024-03-28 11:30:00,0.6327599883079529,2024-03-28 23:01:13.508969
84578,sh.688012,2024-03-28 14:00:00,0.6326601505279541,2024-03-28 23:01:13.508969
84579,sh.688012,2024-03-28 15:00:00,0.6326909065246582,2024-03-28 23:01:13.508969
85068,sh.688036,2024-03-28 10:30:00,0.6321476101875305,2024-03-28 23:01:13.508969
85069,sh.688036,2024-03-28 11:30:00,0.632591724395752,2024-03-28 23:01:13.508969
85070,sh.688036,2024-03-28 14:00:00,0.6324782967567444,2024-03-28 23:01:13.508969
85071,sh.688036,2024-03-28 15:00:00,0.6324989199638367,2024-03-28 23:01:13.508969
85560,sh.688041,2024-03-28 10:30:00,0.6316418051719666,2024-03-28 23:01:13.508969
85561,sh.688041,2024-03-28 11:30:00,0.6313683986663818,2024-03-28 23:01:13.508969
85562,sh.688041,2024-03-28 14:00:00,0.6317269206047058,2024-03-28 23:01:13.508969
85563,sh.688041,2024-03-28 15:00:00,0.6315284967422485,2024-03-28 23:01:13.508969
86032,sh.688065,2024-03-28 10:30:00,0.6335159540176392,2024-03-28 23:01:13.508969
86033,sh.688065,2024-03-28 11:30:00,0.6336382627487183,2024-03-28 23:01:13.508969
86034,sh.688065,2024-03-28 14:00:00,0.6334769129753113,2024-03-28 23:01:13.508969
86035,sh.688065,2024-03-28 15:00:00,0.6335232853889465,2024-03-28 23:01:13.508969
86524,sh.688111,2024-03-28 10:30:00,0.6323679685592651,2024-03-28 23:01:13.508969
86525,sh.688111,2024-03-28 11:30:00,0.6324878334999084,2024-03-28 23:01:13.508969
86526,sh.688111,2024-03-28 14:00:00,0.632403552532196,2024-03-28 23:01:13.508969
86527,sh.688111,2024-03-28 15:00:00,0.632150411605835,2024-03-28 23:01:13.508969
87016,sh.688126,2024-03-28 10:30:00,0.6338840126991272,2024-03-28 23:01:13.508969
87017,sh.688126,2024-03-28 11:30:00,0.6339799761772156,2024-03-28 23:01:13.508969
87018,sh.688126,2024-03-28 14:00:00,0.6341711282730103,2024-03-28 23:01:13.508969
87019,sh.688126,2024-03-28 15:00:00,0.6338772773742676,2024-03-28 23:01:13.508969
87508,sh.688187,2024-03-28 10:30:00,0.6321600079536438,2024-03-28 23:01:13.508969
87509,sh.688187,2024-03-28 11:30:00,0.633341372013092,2024-03-28 23:01:13.508969
87510,sh.688187,2024-03-28 14:00:00,0.6333802938461304,2024-03-28 23:01:13.508969
87511,sh.688187,2024-03-28 15:00:00,0.6329143047332764,2024-03-28 23:01:13.508969
88000,sh.688223,2024-03-28 10:30:00,0.6334033012390137,2024-03-28 23:01:13.508969
88001,sh.688223,2024-03-28 11:30:00,0.6339318156242371,2024-03-28 23:01:13.508969
88002,sh.688223,2024-03-28 14:00:00,0.6339625716209412,2024-03-28 23:01:13.508969
88003,sh.688223,2024-03-28 15:00:00,0.6339067220687866,2024-03-28 23:01:13.508969
88492,sh.688256,2024-03-28 10:30:00,0.6297734379768372,2024-03-28 23:01:13.508969
88493,sh.688256,2024-03-28 11:30:00,0.6298093795776367,2024-03-28 23:01:13.508969
88494,sh.688256,2024-03-28 14:00:00,0.6302435994148254,2024-03-28 23:01:13.508969
88495,sh.688256,2024-03-28 15:00:00,0.6300436854362488,2024-03-28 23:01:13.508969
88984,sh.688271,2024-03-28 10:30:00,0.6331290006637573,2024-03-28 23:01:13.508969
88985,sh.688271,2024-03-28 11:30:00,0.633211076259613,2024-03-28 23:01:13.508969
88986,sh.688271,2024-03-28 14:00:00,0.6332070827484131,2024-03-28 23:01:13.508969
88987,sh.688271,2024-03-28 15:00:00,0.6330553889274597,2024-03-28 23:01:13.508969
89476,sh.688303,2024-03-28 10:30:00,0.6342155337333679,2024-03-28 23:01:13.508969
89477,sh.688303,2024-03-28 11:30:00,0.6341689229011536,2024-03-28 23:01:13.508969
89478,sh.688303,2024-03-28 14:00:00,0.6341680288314819,2024-03-28 23:01:13.508969
89479,sh.688303,2024-03-28 15:00:00,0.6340534687042236,2024-03-28 23:01:13.508969
89968,sh.688363,2024-03-28 10:30:00,0.6336064338684082,2024-03-28 23:01:13.508969
89969,sh.688363,2024-03-28 11:30:00,0.6337313055992126,2024-03-28 23:01:13.508969
89970,sh.688363,2024-03-28 14:00:00,0.633502185344696,2024-03-28 23:01:13.508969
89971,sh.688363,2024-03-28 15:00:00,0.6336924433708191,2024-03-28 23:01:13.508969
90460,sh.688396,2024-03-28 10:30:00,0.633706271648407,2024-03-28 23:01:13.508969
90461,sh.688396,2024-03-28 11:30:00,0.6338093876838684,2024-03-28 23:01:13.508969
90462,sh.688396,2024-03-28 14:00:00,0.6337695717811584,2024-03-28 23:01:13.508969
90463,sh.688396,2024-03-28 15:00:00,0.6338119506835938,2024-03-28 23:01:13.508969
90952,sh.688561,2024-03-28 10:30:00,0.6334887146949768,2024-03-28 23:01:13.508969
90953,sh.688561,2024-03-28 11:30:00,0.6336279511451721,2024-03-28 23:01:13.508969
90954,sh.688561,2024-03-28 14:00:00,0.633733332157135,2024-03-28 23:01:13.508969
90955,sh.688561,2024-03-28 15:00:00,0.6332195997238159,2024-03-28 23:01:13.508969
91444,sh.688599,2024-03-28 10:30:00,0.6333380341529846,2024-03-28 23:01:13.508969
91445,sh.688599,2024-03-28 11:30:00,0.6333426237106323,2024-03-28 23:01:13.508969
91446,sh.688599,2024-03-28 14:00:00,0.6333715319633484,2024-03-28 23:01:13.508969
91447,sh.688599,2024-03-28 15:00:00,0.6333131790161133,2024-03-28 23:01:13.508969
91936,sh.688981,2024-03-28 10:30:00,0.6333334445953369,2024-03-28 23:01:13.508969
91937,sh.688981,2024-03-28 11:30:00,0.6334141492843628,2024-03-28 23:01:13.508969
91938,sh.688981,2024-03-28 14:00:00,0.6335656642913818,2024-03-28 23:01:13.508969
91939,sh.688981,2024-03-28 15:00:00,0.6333149075508118,2024-03-28 23:01:13.508969
92428,sz.000001,2024-03-28 10:30:00,0.6338152289390564,2024-03-28 23:01:13.508969
92429,sz.000001,2024-03-28 11:30:00,0.634205162525177,2024-03-28 23:01:13.508969
92430,sz.000001,2024-03-28 14:00:00,0.6342079043388367,2024-03-28 23:01:13.508969
92431,sz.000001,2024-03-28 15:00:00,0.6343578100204468,2024-03-28 23:01:13.508969
92920,sz.000002,2024-03-28 10:30:00,0.6346166729927063,2024-03-28 23:01:13.508969
92921,sz.000002,2024-03-28 11:30:00,0.6345627307891846,2024-03-28 23:01:13.508969
92922,sz.000002,2024-03-28 14:00:00,0.6344721913337708,2024-03-28 23:01:13.508969
92923,sz.000002,2024-03-28 15:00:00,0.6344031095504761,2024-03-28 23:01:13.508969
93412,sz.000063,2024-03-28 10:30:00,0.6323871612548828,2024-03-28 23:01:13.508969
93413,sz.000063,2024-03-28 11:30:00,0.6318277716636658,2024-03-28 23:01:13.508969
93414,sz.000063,2024-03-28 14:00:00,0.6322991847991943,2024-03-28 23:01:13.508969
93415,sz.000063,2024-03-28 15:00:00,0.6327563524246216,2024-03-28 23:01:13.508969
93904,sz.000069,2024-03-28 10:30:00,0.6332299709320068,2024-03-28 23:01:13.508969
93905,sz.000069,2024-03-28 11:30:00,0.6333213448524475,2024-03-28 23:01:13.508969
93906,sz.000069,2024-03-28 14:00:00,0.6333503127098083,2024-03-28 23:01:13.508969
93907,sz.000069,2024-03-28 15:00:00,0.6333121061325073,2024-03-28 23:01:13.508969
94396,sz.000100,2024-03-28 10:30:00,0.6321830749511719,2024-03-28 23:01:13.508969
94397,sz.000100,2024-03-28 11:30:00,0.6322054862976074,2024-03-28 23:01:13.508969
94398,sz.000100,2024-03-28 14:00:00,0.6327134370803833,2024-03-28 23:01:13.508969
94399,sz.000100,2024-03-28 15:00:00,0.6328023076057434,2024-03-28 23:01:13.508969
94888,sz.000157,2024-03-28 10:30:00,0.6331591606140137,2024-03-28 23:01:13.508969
94889,sz.000157,2024-03-28 11:30:00,0.6333103775978088,2024-03-28 23:01:13.508969
94890,sz.000157,2024-03-28 14:00:00,0.6332089304924011,2024-03-28 23:01:13.508969
94891,sz.000157,2024-03-28 15:00:00,0.6334376931190491,2024-03-28 23:01:13.508969
95380,sz.000166,2024-03-28 10:30:00,0.6338698267936707,2024-03-28 23:01:13.508969
95381,sz.000166,2024-03-28 11:30:00,0.6344822645187378,2024-03-28 23:01:13.508969
95382,sz.000166,2024-03-28 14:00:00,0.6348207592964172,2024-03-28 23:01:13.508969
95383,sz.000166,2024-03-28 15:00:00,0.6347450613975525,2024-03-28 23:01:13.508969
95872,sz.000301,2024-03-28 10:30:00,0.6339513063430786,2024-03-28 23:01:13.508969
95873,sz.000301,2024-03-28 11:30:00,0.6341116428375244,2024-03-28 23:01:13.508969
95874,sz.000301,2024-03-28 14:00:00,0.6341407299041748,2024-03-28 23:01:13.508969
95875,sz.000301,2024-03-28 15:00:00,0.6339280605316162,2024-03-28 23:01:13.508969
96364,sz.000333,2024-03-28 10:30:00,0.6322925090789795,2024-03-28 23:01:13.508969
96365,sz.000333,2024-03-28 11:30:00,0.63291996717453,2024-03-28 23:01:13.508969
96366,sz.000333,2024-03-28 14:00:00,0.6334087252616882,2024-03-28 23:01:13.508969
96367,sz.000333,2024-03-28 15:00:00,0.633210301399231,2024-03-28 23:01:13.508969
96856,sz.000338,2024-03-28 10:30:00,0.632741391658783,2024-03-28 23:01:13.508969
96857,sz.000338,2024-03-28 11:30:00,0.6333411335945129,2024-03-28 23:01:13.508969
96858,sz.000338,2024-03-28 14:00:00,0.6330374479293823,2024-03-28 23:01:13.508969
96859,sz.000338,2024-03-28 15:00:00,0.6331207156181335,2024-03-28 23:01:13.508969
97348,sz.000408,2024-03-28 10:30:00,0.6328973770141602,2024-03-28 23:01:13.508969
97349,sz.000408,2024-03-28 11:30:00,0.63307124376297,2024-03-28 23:01:13.508969
97350,sz.000408,2024-03-28 14:00:00,0.6326882839202881,2024-03-28 23:01:13.508969
97351,sz.000408,2024-03-28 15:00:00,0.6325934529304504,2024-03-28 23:01:13.508969
97840,sz.000425,2024-03-28 10:30:00,0.6325114369392395,2024-03-28 23:01:13.508969
97841,sz.000425,2024-03-28 11:30:00,0.6328369975090027,2024-03-28 23:01:13.508969
97842,sz.000425,2024-03-28 14:00:00,0.6327411532402039,2024-03-28 23:01:13.508969
97843,sz.000425,2024-03-28 15:00:00,0.6325544118881226,2024-03-28 23:01:13.508969
98332,sz.000538,2024-03-28 10:30:00,0.634689211845398,2024-03-28 23:01:13.508969
98333,sz.000538,2024-03-28 11:30:00,0.6346844434738159,2024-03-28 23:01:13.508969
98334,sz.000538,2024-03-28 14:00:00,0.6345871090888977,2024-03-28 23:01:13.508969
98335,sz.000538,2024-03-28 15:00:00,0.6346815824508667,2024-03-28 23:01:13.508969
98824,sz.000568,2024-03-28 10:30:00,0.6341084241867065,2024-03-28 23:01:13.508969
98825,sz.000568,2024-03-28 11:30:00,0.634244441986084,2024-03-28 23:01:13.508969
98826,sz.000568,2024-03-28 14:00:00,0.6340818405151367,2024-03-28 23:01:13.508969
98827,sz.000568,2024-03-28 15:00:00,0.6342455744743347,2024-03-28 23:01:13.508969
99316,sz.000596,2024-03-28 10:30:00,0.6331944465637207,2024-03-28 23:01:13.508969
99317,sz.000596,2024-03-28 11:30:00,0.633613109588623,2024-03-28 23:01:13.508969
99318,sz.000596,2024-03-28 14:00:00,0.6330516338348389,2024-03-28 23:01:13.508969
99319,sz.000596,2024-03-28 15:00:00,0.633577823638916,2024-03-28 23:01:13.508969
99808,sz.000617,2024-03-28 10:30:00,0.6328696608543396,2024-03-28 23:01:13.508969
99809,sz.000617,2024-03-28 11:30:00,0.6330444812774658,2024-03-28 23:01:13.508969
99810,sz.000617,2024-03-28 14:00:00,0.633213460445404,2024-03-28 23:01:13.508969
99811,sz.000617,2024-03-28 15:00:00,0.6330891847610474,2024-03-28 23:01:13.508969
100300,sz.000625,2024-03-28 10:30:00,0.6311860680580139,2024-03-28 23:01:13.508969
100301,sz.000625,2024-03-28 11:30:00,0.6318534016609192,2024-03-28 23:01:13.508969
100302,sz.000625,2024-03-28 14:00:00,0.6314691305160522,2024-03-28 23:01:13.508969
100303,sz.000625,2024-03-28 15:00:00,0.6316344738006592,2024-03-28 23:01:13.508969
100792,sz.000651,2024-03-28 10:30:00,0.6341210007667542,2024-03-28 23:01:13.508969
100793,sz.000651,2024-03-28 11:30:00,0.6343165636062622,2024-03-28 23:01:13.508969
100794,sz.000651,2024-03-28 14:00:00,0.6345540881156921,2024-03-28 23:01:13.508969
100795,sz.000651,2024-03-28 15:00:00,0.6345264911651611,2024-03-28 23:01:13.508969
101284,sz.000661,2024-03-28 10:30:00,0.634160578250885,2024-03-28 23:01:13.508969
101285,sz.000661,2024-03-28 11:30:00,0.6340779662132263,2024-03-28 23:01:13.508969
101286,sz.000661,2024-03-28 14:00:00,0.6341934204101562,2024-03-28 23:01:13.508969
101287,sz.000661,2024-03-28 15:00:00,0.6341003775596619,2024-03-28 23:01:13.508969
101776,sz.000708,2024-03-28 10:30:00,0.6328914165496826,2024-03-28 23:01:13.508969
101777,sz.000708,2024-03-28 11:30:00,0.6335840225219727,2024-03-28 23:01:13.508969
101778,sz.000708,2024-03-28 14:00:00,0.6332653760910034,2024-03-28 23:01:13.508969
101779,sz.000708,2024-03-28 15:00:00,0.6333551406860352,2024-03-28 23:01:13.508969
102268,sz.000725,2024-03-28 10:30:00,0.6329566836357117,2024-03-28 23:01:13.508969
102269,sz.000725,2024-03-28 11:30:00,0.6322489976882935,2024-03-28 23:01:13.508969
102270,sz.000725,2024-03-28 14:00:00,0.6327344179153442,2024-03-28 23:01:13.508969
102271,sz.000725,2024-03-28 15:00:00,0.6329066157341003,2024-03-28 23:01:13.508969
102760,sz.000733,2024-03-28 10:30:00,0.6323676109313965,2024-03-28 23:01:13.508969
102761,sz.000733,2024-03-28 11:30:00,0.6320928335189819,2024-03-28 23:01:13.508969
102762,sz.000733,2024-03-28 14:00:00,0.632286787033081,2024-03-28 23:01:13.508969
102763,sz.000733,2024-03-28 15:00:00,0.6327569484710693,2024-03-28 23:01:13.508969
103252,sz.000768,2024-03-28 10:30:00,0.633330762386322,2024-03-28 23:01:13.508969
103253,sz.000768,2024-03-28 11:30:00,0.6336105465888977,2024-03-28 23:01:13.508969
103254,sz.000768,2024-03-28 14:00:00,0.6334261298179626,2024-03-28 23:01:13.508969
103255,sz.000768,2024-03-28 15:00:00,0.6334247589111328,2024-03-28 23:01:13.508969
103744,sz.000776,2024-03-28 10:30:00,0.6338809728622437,2024-03-28 23:01:13.508969
103745,sz.000776,2024-03-28 11:30:00,0.6339367032051086,2024-03-28 23:01:13.508969
103746,sz.000776,2024-03-28 14:00:00,0.6339734792709351,2024-03-28 23:01:13.508969
103747,sz.000776,2024-03-28 15:00:00,0.6337394118309021,2024-03-28 23:01:13.508969
104236,sz.000786,2024-03-28 10:30:00,0.6328889727592468,2024-03-28 23:01:13.508969
104237,sz.000786,2024-03-28 11:30:00,0.6334748268127441,2024-03-28 23:01:13.508969
104238,sz.000786,2024-03-28 14:00:00,0.6331923604011536,2024-03-28 23:01:13.508969
104239,sz.000786,2024-03-28 15:00:00,0.6334425210952759,2024-03-28 23:01:13.508969
104728,sz.000792,2024-03-28 10:30:00,0.6330627202987671,2024-03-28 23:01:13.508969
104729,sz.000792,2024-03-28 11:30:00,0.6334389448165894,2024-03-28 23:01:13.508969
104730,sz.000792,2024-03-28 14:00:00,0.6332495808601379,2024-03-28 23:01:13.508969
104731,sz.000792,2024-03-28 15:00:00,0.6332413554191589,2024-03-28 23:01:13.508969
105220,sz.000800,2024-03-28 10:30:00,0.633192241191864,2024-03-28 23:01:13.508969
105221,sz.000800,2024-03-28 11:30:00,0.6335941553115845,2024-03-28 23:01:13.508969
105222,sz.000800,2024-03-28 14:00:00,0.633828341960907,2024-03-28 23:01:13.508969
105223,sz.000800,2024-03-28 15:00:00,0.6336015462875366,2024-03-28 23:01:13.508969
105712,sz.000858,2024-03-28 10:30:00,0.634163498878479,2024-03-28 23:01:13.508969
105713,sz.000858,2024-03-28 11:30:00,0.634365975856781,2024-03-28 23:01:13.508969
105714,sz.000858,2024-03-28 14:00:00,0.634189248085022,2024-03-28 23:01:13.508969
105715,sz.000858,2024-03-28 15:00:00,0.6344678401947021,2024-03-28 23:01:13.508969
106204,sz.000876,2024-03-28 10:30:00,0.6332165002822876,2024-03-28 23:01:13.508969
106205,sz.000876,2024-03-28 11:30:00,0.633460283279419,2024-03-28 23:01:13.508969
106206,sz.000876,2024-03-28 14:00:00,0.6333526968955994,2024-03-28 23:01:13.508969
106207,sz.000876,2024-03-28 15:00:00,0.6335533857345581,2024-03-28 23:01:13.508969
106696,sz.000877,2024-03-28 10:30:00,0.6283150911331177,2024-03-28 23:01:13.508969
106697,sz.000877,2024-03-28 11:30:00,0.6328918933868408,2024-03-28 23:01:13.508969
106698,sz.000877,2024-03-28 14:00:00,0.6329941153526306,2024-03-28 23:01:13.508969
106699,sz.000877,2024-03-28 15:00:00,0.6329681277275085,2024-03-28 23:01:13.508969
107188,sz.000895,2024-03-28 10:30:00,0.6337737441062927,2024-03-28 23:01:13.508969
107189,sz.000895,2024-03-28 11:30:00,0.6342200636863708,2024-03-28 23:01:13.508969
107190,sz.000895,2024-03-28 14:00:00,0.6342402696609497,2024-03-28 23:01:13.508969
107191,sz.000895,2024-03-28 15:00:00,0.634509801864624,2024-03-28 23:01:13.508969
107680,sz.000938,2024-03-28 10:30:00,0.6306831240653992,2024-03-28 23:01:13.508969
107681,sz.000938,2024-03-28 11:30:00,0.6304636001586914,2024-03-28 23:01:13.508969
107682,sz.000938,2024-03-28 14:00:00,0.6313333511352539,2024-03-28 23:01:13.508969
107683,sz.000938,2024-03-28 15:00:00,0.6315776705741882,2024-03-28 23:01:13.508969
108172,sz.000963,2024-03-28 10:30:00,0.6338961720466614,2024-03-28 23:01:13.508969
108173,sz.000963,2024-03-28 11:30:00,0.6341337561607361,2024-03-28 23:01:13.508969
108174,sz.000963,2024-03-28 14:00:00,0.6339392066001892,2024-03-28 23:01:13.508969
108175,sz.000963,2024-03-28 15:00:00,0.633919894695282,2024-03-28 23:01:13.508969
108664,sz.000977,2024-03-28 10:30:00,0.628332793712616,2024-03-28 23:01:13.508969
108665,sz.000977,2024-03-28 11:30:00,0.6308898329734802,2024-03-28 23:01:13.508969
108666,sz.000977,2024-03-28 14:00:00,0.6325761079788208,2024-03-28 23:01:13.508969
108667,sz.000977,2024-03-28 15:00:00,0.632366955280304,2024-03-28 23:01:13.508969
109156,sz.000983,2024-03-28 10:30:00,0.6326577067375183,2024-03-28 23:01:13.508969
109157,sz.000983,2024-03-28 11:30:00,0.6329442262649536,2024-03-28 23:01:13.508969
109158,sz.000983,2024-03-28 14:00:00,0.6329586505889893,2024-03-28 23:01:13.508969
109159,sz.000983,2024-03-28 15:00:00,0.6326717734336853,2024-03-28 23:01:13.508969
109648,sz.000999,2024-03-28 10:30:00,0.6330445408821106,2024-03-28 23:01:13.508969
109649,sz.000999,2024-03-28 11:30:00,0.633282482624054,2024-03-28 23:01:13.508969
109650,sz.000999,2024-03-28 14:00:00,0.6332386136054993,2024-03-28 23:01:13.508969
109651,sz.000999,2024-03-28 15:00:00,0.6329938769340515,2024-03-28 23:01:13.508969
110140,sz.001289,2024-03-28 10:30:00,0.6335620284080505,2024-03-28 23:01:13.508969
110141,sz.001289,2024-03-28 11:30:00,0.6339185833930969,2024-03-28 23:01:13.508969
110142,sz.001289,2024-03-28 14:00:00,0.6340436339378357,2024-03-28 23:01:13.508969
110143,sz.001289,2024-03-28 15:00:00,0.6340226531028748,2024-03-28 23:01:13.508969
110632,sz.001979,2024-03-28 10:30:00,0.6332489252090454,2024-03-28 23:01:13.508969
110633,sz.001979,2024-03-28 11:30:00,0.6335275173187256,2024-03-28 23:01:13.508969
110634,sz.001979,2024-03-28 14:00:00,0.633219838142395,2024-03-28 23:01:13.508969
110635,sz.001979,2024-03-28 15:00:00,0.6332699656486511,2024-03-28 23:01:13.508969
111124,sz.002001,2024-03-28 10:30:00,0.6341649293899536,2024-03-28 23:01:13.508969
111125,sz.002001,2024-03-28 11:30:00,0.6342349052429199,2024-03-28 23:01:13.508969
111126,sz.002001,2024-03-28 14:00:00,0.634086012840271,2024-03-28 23:01:13.508969
111127,sz.002001,2024-03-28 15:00:00,0.6340764760971069,2024-03-28 23:01:13.508969
111616,sz.002007,2024-03-28 10:30:00,0.6338865756988525,2024-03-28 23:01:13.508969
111617,sz.002007,2024-03-28 11:30:00,0.6342653036117554,2024-03-28 23:01:13.508969
111618,sz.002007,2024-03-28 14:00:00,0.6341740489006042,2024-03-28 23:01:13.508969
111619,sz.002007,2024-03-28 15:00:00,0.6342841982841492,2024-03-28 23:01:13.508969
112108,sz.002027,2024-03-28 10:30:00,0.6324431300163269,2024-03-28 23:01:13.508969
112109,sz.002027,2024-03-28 11:30:00,0.6325815320014954,2024-03-28 23:01:13.508969
112110,sz.002027,2024-03-28 14:00:00,0.6328917145729065,2024-03-28 23:01:13.508969
112111,sz.002027,2024-03-28 15:00:00,0.6328787803649902,2024-03-28 23:01:13.508969
112600,sz.002049,2024-03-28 10:30:00,0.6327524185180664,2024-03-28 23:01:13.508969
112601,sz.002049,2024-03-28 11:30:00,0.6321420073509216,2024-03-28 23:01:13.508969
112602,sz.002049,2024-03-28 14:00:00,0.632984459400177,2024-03-28 23:01:13.508969
112603,sz.002049,2024-03-28 15:00:00,0.6328169107437134,2024-03-28 23:01:13.508969
113092,sz.002050,2024-03-28 10:30:00,0.6320911049842834,2024-03-28 23:01:13.508969
113093,sz.002050,2024-03-28 11:30:00,0.6330462098121643,2024-03-28 23:01:13.508969
113094,sz.002050,2024-03-28 14:00:00,0.6330157518386841,2024-03-28 23:01:13.508969
113095,sz.002050,2024-03-28 15:00:00,0.6331086158752441,2024-03-28 23:01:13.508969
113584,sz.002074,2024-03-28 10:30:00,0.632838249206543,2024-03-28 23:01:13.508969
113585,sz.002074,2024-03-28 11:30:00,0.6329160332679749,2024-03-28 23:01:13.508969
113586,sz.002074,2024-03-28 14:00:00,0.6328507661819458,2024-03-28 23:01:13.508969
113587,sz.002074,2024-03-28 15:00:00,0.6329595446586609,2024-03-28 23:01:13.508969
114076,sz.002129,2024-03-28 10:30:00,0.6326590776443481,2024-03-28 23:01:13.508969
114077,sz.002129,2024-03-28 11:30:00,0.632971465587616,2024-03-28 23:01:13.508969
114078,sz.002129,2024-03-28 14:00:00,0.6330684423446655,2024-03-28 23:01:13.508969
114079,sz.002129,2024-03-28 15:00:00,0.6328646540641785,2024-03-28 23:01:13.508969
114568,sz.002142,2024-03-28 10:30:00,0.6327807307243347,2024-03-28 23:01:13.508969
114569,sz.002142,2024-03-28 11:30:00,0.6334192752838135,2024-03-28 23:01:13.508969
114570,sz.002142,2024-03-28 14:00:00,0.6333475708961487,2024-03-28 23:01:13.508969
114571,sz.002142,2024-03-28 15:00:00,0.6336714029312134,2024-03-28 23:01:13.508969
115060,sz.002179,2024-03-28 10:30:00,0.6337313652038574,2024-03-28 23:01:13.508969
115061,sz.002179,2024-03-28 11:30:00,0.6338217258453369,2024-03-28 23:01:13.508969
115062,sz.002179,2024-03-28 14:00:00,0.6337650418281555,2024-03-28 23:01:13.508969
115063,sz.002179,2024-03-28 15:00:00,0.6337156295776367,2024-03-28 23:01:13.508969
115552,sz.002180,2024-03-28 10:30:00,0.6323273777961731,2024-03-28 23:01:13.508969
115553,sz.002180,2024-03-28 11:30:00,0.6326190829277039,2024-03-28 23:01:13.508969
115554,sz.002180,2024-03-28 14:00:00,0.6323114633560181,2024-03-28 23:01:13.508969
115555,sz.002180,2024-03-28 15:00:00,0.632666826248169,2024-03-28 23:01:13.508969
116044,sz.002202,2024-03-28 10:30:00,0.6336219310760498,2024-03-28 23:01:13.508969
116045,sz.002202,2024-03-28 11:30:00,0.6335405707359314,2024-03-28 23:01:13.508969
116046,sz.002202,2024-03-28 14:00:00,0.633756697177887,2024-03-28 23:01:13.508969
116047,sz.002202,2024-03-28 15:00:00,0.6336135864257812,2024-03-28 23:01:13.508969
116536,sz.002230,2024-03-28 10:30:00,0.6316581964492798,2024-03-28 23:01:13.508969
116537,sz.002230,2024-03-28 11:30:00,0.6322619915008545,2024-03-28 23:01:13.508969
116538,sz.002230,2024-03-28 14:00:00,0.6324627995491028,2024-03-28 23:01:13.508969
116539,sz.002230,2024-03-28 15:00:00,0.6323248147964478,2024-03-28 23:01:13.508969
117028,sz.002236,2024-03-28 10:30:00,0.6334762573242188,2024-03-28 23:01:13.508969
117029,sz.002236,2024-03-28 11:30:00,0.6331971287727356,2024-03-28 23:01:13.508969
117030,sz.002236,2024-03-28 14:00:00,0.6335582733154297,2024-03-28 23:01:13.508969
117031,sz.002236,2024-03-28 15:00:00,0.6332682967185974,2024-03-28 23:01:13.508969
117520,sz.002241,2024-03-28 10:30:00,0.6323167085647583,2024-03-28 23:01:13.508969
117521,sz.002241,2024-03-28 11:30:00,0.6327952742576599,2024-03-28 23:01:13.508969
117522,sz.002241,2024-03-28 14:00:00,0.6324270963668823,2024-03-28 23:01:13.508969
117523,sz.002241,2024-03-28 15:00:00,0.6325823068618774,2024-03-28 23:01:13.508969
118012,sz.002252,2024-03-28 10:30:00,0.6334732174873352,2024-03-28 23:01:13.508969
118013,sz.002252,2024-03-28 11:30:00,0.6334344744682312,2024-03-28 23:01:13.508969
118014,sz.002252,2024-03-28 14:00:00,0.6333750486373901,2024-03-28 23:01:13.508969
118015,sz.002252,2024-03-28 15:00:00,0.6332880258560181,2024-03-28 23:01:13.508969
118504,sz.002271,2024-03-28 10:30:00,0.6337891817092896,2024-03-28 23:01:13.508969
118505,sz.002271,2024-03-28 11:30:00,0.6342320442199707,2024-03-28 23:01:13.508969
118506,sz.002271,2024-03-28 14:00:00,0.6340731978416443,2024-03-28 23:01:13.508969
118507,sz.002271,2024-03-28 15:00:00,0.6340073943138123,2024-03-28 23:01:13.508969
118996,sz.002304,2024-03-28 10:30:00,0.6342750191688538,2024-03-28 23:01:13.508969
118997,sz.002304,2024-03-28 11:30:00,0.6342211961746216,2024-03-28 23:01:13.508969
118998,sz.002304,2024-03-28 14:00:00,0.6340386867523193,2024-03-28 23:01:13.508969
118999,sz.002304,2024-03-28 15:00:00,0.6343134045600891,2024-03-28 23:01:13.508969
119488,sz.002311,2024-03-28 10:30:00,0.633208692073822,2024-03-28 23:01:13.508969
119489,sz.002311,2024-03-28 11:30:00,0.6336022019386292,2024-03-28 23:01:13.508969
119490,sz.002311,2024-03-28 14:00:00,0.6331992149353027,2024-03-28 23:01:13.508969
119491,sz.002311,2024-03-28 15:00:00,0.6337812542915344,2024-03-28 23:01:13.508969
119980,sz.002352,2024-03-28 10:30:00,0.6334764957427979,2024-03-28 23:01:13.508969
119981,sz.002352,2024-03-28 11:30:00,0.6337146759033203,2024-03-28 23:01:13.508969
119982,sz.002352,2024-03-28 14:00:00,0.633711040019989,2024-03-28 23:01:13.508969
119983,sz.002352,2024-03-28 15:00:00,0.6338633298873901,2024-03-28 23:01:13.508969
120472,sz.002371,2024-03-28 10:30:00,0.6330571174621582,2024-03-28 23:01:13.508969
120473,sz.002371,2024-03-28 11:30:00,0.6335053443908691,2024-03-28 23:01:13.508969
120474,sz.002371,2024-03-28 14:00:00,0.6334890127182007,2024-03-28 23:01:13.508969
120475,sz.002371,2024-03-28 15:00:00,0.6335170269012451,2024-03-28 23:01:13.508969
120964,sz.002410,2024-03-28 10:30:00,0.6331067681312561,2024-03-28 23:01:13.508969
120965,sz.002410,2024-03-28 11:30:00,0.6336691379547119,2024-03-28 23:01:13.508969
120966,sz.002410,2024-03-28 14:00:00,0.633679986000061,2024-03-28 23:01:13.508969
120967,sz.002410,2024-03-28 15:00:00,0.6334289908409119,2024-03-28 23:01:13.508969
121456,sz.002415,2024-03-28 10:30:00,0.6340586543083191,2024-03-28 23:01:13.508969
121457,sz.002415,2024-03-28 11:30:00,0.6340897679328918,2024-03-28 23:01:13.508969
121458,sz.002415,2024-03-28 14:00:00,0.6341603994369507,2024-03-28 23:01:13.508969
121459,sz.002415,2024-03-28 15:00:00,0.6340195536613464,2024-03-28 23:01:13.508969
121948,sz.002459,2024-03-28 10:30:00,0.6325417757034302,2024-03-28 23:01:13.508969
121949,sz.002459,2024-03-28 11:30:00,0.6327802538871765,2024-03-28 23:01:13.508969
121950,sz.002459,2024-03-28 14:00:00,0.6327906250953674,2024-03-28 23:01:13.508969
121951,sz.002459,2024-03-28 15:00:00,0.6326188445091248,2024-03-28 23:01:13.508969
122440,sz.002460,2024-03-28 10:30:00,0.6336146593093872,2024-03-28 23:01:13.508969
122441,sz.002460,2024-03-28 11:30:00,0.6337459087371826,2024-03-28 23:01:13.508969
122442,sz.002460,2024-03-28 14:00:00,0.6334390044212341,2024-03-28 23:01:13.508969
122443,sz.002460,2024-03-28 15:00:00,0.6336139440536499,2024-03-28 23:01:13.508969
122932,sz.002466,2024-03-28 10:30:00,0.6333863139152527,2024-03-28 23:01:13.508969
122933,sz.002466,2024-03-28 11:30:00,0.6336609721183777,2024-03-28 23:01:13.508969
122934,sz.002466,2024-03-28 14:00:00,0.6331872940063477,2024-03-28 23:01:13.508969
122935,sz.002466,2024-03-28 15:00:00,0.6335350871086121,2024-03-28 23:01:13.508969
123424,sz.002475,2024-03-28 10:30:00,0.6332825422286987,2024-03-28 23:01:13.508969
123425,sz.002475,2024-03-28 11:30:00,0.6334294676780701,2024-03-28 23:01:13.508969
123426,sz.002475,2024-03-28 14:00:00,0.6335071921348572,2024-03-28 23:01:13.508969
123427,sz.002475,2024-03-28 15:00:00,0.6335436105728149,2024-03-28 23:01:13.508969
123916,sz.002493,2024-03-28 10:30:00,0.6335509419441223,2024-03-28 23:01:13.508969
123917,sz.002493,2024-03-28 11:30:00,0.6335195302963257,2024-03-28 23:01:13.508969
123918,sz.002493,2024-03-28 14:00:00,0.6336405873298645,2024-03-28 23:01:13.508969
123919,sz.002493,2024-03-28 15:00:00,0.6334734559059143,2024-03-28 23:01:13.508969
124408,sz.002555,2024-03-28 10:30:00,0.6327381134033203,2024-03-28 23:01:13.508969
124409,sz.002555,2024-03-28 11:30:00,0.6332299113273621,2024-03-28 23:01:13.508969
124410,sz.002555,2024-03-28 14:00:00,0.633160412311554,2024-03-28 23:01:13.508969
124411,sz.002555,2024-03-28 15:00:00,0.6328255534172058,2024-03-28 23:01:13.508969
124900,sz.002594,2024-03-28 10:30:00,0.6333450675010681,2024-03-28 23:01:13.508969
124901,sz.002594,2024-03-28 11:30:00,0.6337853074073792,2024-03-28 23:01:13.508969
124902,sz.002594,2024-03-28 14:00:00,0.6336841583251953,2024-03-28 23:01:13.508969
124903,sz.002594,2024-03-28 15:00:00,0.6336382031440735,2024-03-28 23:01:13.508969
125392,sz.002601,2024-03-28 10:30:00,0.633481502532959,2024-03-28 23:01:13.508969
125393,sz.002601,2024-03-28 11:30:00,0.6335922479629517,2024-03-28 23:01:13.508969
125394,sz.002601,2024-03-28 14:00:00,0.6335613131523132,2024-03-28 23:01:13.508969
125395,sz.002601,2024-03-28 15:00:00,0.6332875490188599,2024-03-28 23:01:13.508969
125884,sz.002603,2024-03-28 10:30:00,0.6334003806114197,2024-03-28 23:01:13.508969
125885,sz.002603,2024-03-28 11:30:00,0.6336854696273804,2024-03-28 23:01:13.508969
125886,sz.002603,2024-03-28 14:00:00,0.633674681186676,2024-03-28 23:01:13.508969
125887,sz.002603,2024-03-28 15:00:00,0.6335945129394531,2024-03-28 23:01:13.508969
126376,sz.002648,2024-03-28 10:30:00,0.6328547596931458,2024-03-28 23:01:13.508969
126377,sz.002648,2024-03-28 11:30:00,0.6331151723861694,2024-03-28 23:01:13.508969
126378,sz.002648,2024-03-28 14:00:00,0.6332049369812012,2024-03-28 23:01:13.508969
126379,sz.002648,2024-03-28 15:00:00,0.6330562233924866,2024-03-28 23:01:13.508969
126868,sz.002709,2024-03-28 10:30:00,0.6319932341575623,2024-03-28 23:01:13.508969
126869,sz.002709,2024-03-28 11:30:00,0.6331307888031006,2024-03-28 23:01:13.508969
126870,sz.002709,2024-03-28 14:00:00,0.6321550011634827,2024-03-28 23:01:13.508969
126871,sz.002709,2024-03-28 15:00:00,0.6328896880149841,2024-03-28 23:01:13.508969
127360,sz.002714,2024-03-28 10:30:00,0.6332886815071106,2024-03-28 23:01:13.508969
127361,sz.002714,2024-03-28 11:30:00,0.6337992548942566,2024-03-28 23:01:13.508969
127362,sz.002714,2024-03-28 14:00:00,0.6332886815071106,2024-03-28 23:01:13.508969
127363,sz.002714,2024-03-28 15:00:00,0.6336868405342102,2024-03-28 23:01:13.508969
127852,sz.002736,2024-03-28 10:30:00,0.6345798969268799,2024-03-28 23:01:13.508969
127853,sz.002736,2024-03-28 11:30:00,0.6346055269241333,2024-03-28 23:01:13.508969
127854,sz.002736,2024-03-28 14:00:00,0.6347668766975403,2024-03-28 23:01:13.508969
127855,sz.002736,2024-03-28 15:00:00,0.634608268737793,2024-03-28 23:01:13.508969
128344,sz.002812,2024-03-28 10:30:00,0.6332241892814636,2024-03-28 23:01:13.508969
128345,sz.002812,2024-03-28 11:30:00,0.6336624622344971,2024-03-28 23:01:13.508969
128346,sz.002812,2024-03-28 14:00:00,0.6332985758781433,2024-03-28 23:01:13.508969
128347,sz.002812,2024-03-28 15:00:00,0.6335082650184631,2024-03-28 23:01:13.508969
128836,sz.002821,2024-03-28 10:30:00,0.6336913108825684,2024-03-28 23:01:13.508969
128837,sz.002821,2024-03-28 11:30:00,0.6337619423866272,2024-03-28 23:01:13.508969
128838,sz.002821,2024-03-28 14:00:00,0.6335234642028809,2024-03-28 23:01:13.508969
128839,sz.002821,2024-03-28 15:00:00,0.633625864982605,2024-03-28 23:01:13.508969
129328,sz.002841,2024-03-28 10:30:00,0.6336571574211121,2024-03-28 23:01:13.508969
129329,sz.002841,2024-03-28 11:30:00,0.6335695385932922,2024-03-28 23:01:13.508969
129330,sz.002841,2024-03-28 14:00:00,0.6335542798042297,2024-03-28 23:01:13.508969
129331,sz.002841,2024-03-28 15:00:00,0.6337456107139587,2024-03-28 23:01:13.508969
129820,sz.002916,2024-03-28 10:30:00,0.6320247650146484,2024-03-28 23:01:13.508969
129821,sz.002916,2024-03-28 11:30:00,0.632366955280304,2024-03-28 23:01:13.508969
129822,sz.002916,2024-03-28 14:00:00,0.6321723461151123,2024-03-28 23:01:13.508969
129823,sz.002916,2024-03-28 15:00:00,0.6324096322059631,2024-03-28 23:01:13.508969
130312,sz.002920,2024-03-28 10:30:00,0.6313095688819885,2024-03-28 23:01:13.508969
130313,sz.002920,2024-03-28 11:30:00,0.6318536400794983,2024-03-28 23:01:13.508969
130314,sz.002920,2024-03-28 14:00:00,0.632006824016571,2024-03-28 23:01:13.508969
130315,sz.002920,2024-03-28 15:00:00,0.6322648525238037,2024-03-28 23:01:13.508969
130804,sz.002938,2024-03-28 10:30:00,0.6324955224990845,2024-03-28 23:01:13.508969
130805,sz.002938,2024-03-28 11:30:00,0.6325716972351074,2024-03-28 23:01:13.508969
130806,sz.002938,2024-03-28 14:00:00,0.6331051588058472,2024-03-28 23:01:13.508969
130807,sz.002938,2024-03-28 15:00:00,0.6328777074813843,2024-03-28 23:01:13.508969
131296,sz.003816,2024-03-28 10:30:00,0.6340709924697876,2024-03-28 23:01:13.508969
131297,sz.003816,2024-03-28 11:30:00,0.6345722079277039,2024-03-28 23:01:13.508969
131298,sz.003816,2024-03-28 14:00:00,0.6344943642616272,2024-03-28 23:01:13.508969
131299,sz.003816,2024-03-28 15:00:00,0.6345927715301514,2024-03-28 23:01:13.508969
131788,sz.300014,2024-03-28 10:30:00,0.6331347823143005,2024-03-28 23:01:13.508969
131789,sz.300014,2024-03-28 11:30:00,0.6335228681564331,2024-03-28 23:01:13.508969
131790,sz.300014,2024-03-28 14:00:00,0.6334299445152283,2024-03-28 23:01:13.508969
131791,sz.300014,2024-03-28 15:00:00,0.6334260106086731,2024-03-28 23:01:13.508969
132280,sz.300015,2024-03-28 10:30:00,0.6342863440513611,2024-03-28 23:01:13.508969
132281,sz.300015,2024-03-28 11:30:00,0.6345120072364807,2024-03-28 23:01:13.508969
132282,sz.300015,2024-03-28 14:00:00,0.6342471241950989,2024-03-28 23:01:13.508969
132283,sz.300015,2024-03-28 15:00:00,0.6342666745185852,2024-03-28 23:01:13.508969
132772,sz.300033,2024-03-28 10:30:00,0.6329227685928345,2024-03-28 23:01:13.508969
132773,sz.300033,2024-03-28 11:30:00,0.6333852410316467,2024-03-28 23:01:13.508969
132774,sz.300033,2024-03-28 14:00:00,0.6333600282669067,2024-03-28 23:01:13.508969
132775,sz.300033,2024-03-28 15:00:00,0.6332587003707886,2024-03-28 23:01:13.508969
133264,sz.300059,2024-03-28 10:30:00,0.6344817280769348,2024-03-28 23:01:13.508969
133265,sz.300059,2024-03-28 11:30:00,0.6341097950935364,2024-03-28 23:01:13.508969
133266,sz.300059,2024-03-28 14:00:00,0.6341785192489624,2024-03-28 23:01:13.508969
133267,sz.300059,2024-03-28 15:00:00,0.6341134309768677,2024-03-28 23:01:13.508969
133756,sz.300122,2024-03-28 10:30:00,0.6337112188339233,2024-03-28 23:01:13.508969
133757,sz.300122,2024-03-28 11:30:00,0.6336789727210999,2024-03-28 23:01:13.508969
133758,sz.300122,2024-03-28 14:00:00,0.6332359313964844,2024-03-28 23:01:13.508969
133759,sz.300122,2024-03-28 15:00:00,0.6337645649909973,2024-03-28 23:01:13.508969
134248,sz.300124,2024-03-28 10:30:00,0.6337907910346985,2024-03-28 23:01:13.508969
134249,sz.300124,2024-03-28 11:30:00,0.6341066360473633,2024-03-28 23:01:13.508969
134250,sz.300124,2024-03-28 14:00:00,0.6341794729232788,2024-03-28 23:01:13.508969
134251,sz.300124,2024-03-28 15:00:00,0.6342015266418457,2024-03-28 23:01:13.508969
134740,sz.300142,2024-03-28 10:30:00,0.6339058876037598,2024-03-28 23:01:13.508969
134741,sz.300142,2024-03-28 11:30:00,0.6342331171035767,2024-03-28 23:01:13.508969
134742,sz.300142,2024-03-28 14:00:00,0.6339113116264343,2024-03-28 23:01:13.508969
134743,sz.300142,2024-03-28 15:00:00,0.6340296864509583,2024-03-28 23:01:13.508969
135232,sz.300223,2024-03-28 10:30:00,0.6327416896820068,2024-03-28 23:01:13.508969
135233,sz.300223,2024-03-28 11:30:00,0.6328228116035461,2024-03-28 23:01:13.508969
135234,sz.300223,2024-03-28 14:00:00,0.6328169703483582,2024-03-28 23:01:13.508969
135235,sz.300223,2024-03-28 15:00:00,0.6325119733810425,2024-03-28 23:01:13.508969
135724,sz.300274,2024-03-28 10:30:00,0.6317841410636902,2024-03-28 23:01:13.508969
135725,sz.300274,2024-03-28 11:30:00,0.6327670216560364,2024-03-28 23:01:13.508969
135726,sz.300274,2024-03-28 14:00:00,0.6329726576805115,2024-03-28 23:01:13.508969
135727,sz.300274,2024-03-28 15:00:00,0.632574737071991,2024-03-28 23:01:13.508969
136216,sz.300308,2024-03-28 10:30:00,0.6302189826965332,2024-03-28 23:01:13.508969
136217,sz.300308,2024-03-28 11:30:00,0.6305161118507385,2024-03-28 23:01:13.508969
136218,sz.300308,2024-03-28 14:00:00,0.6301520466804504,2024-03-28 23:01:13.508969
136219,sz.300308,2024-03-28 15:00:00,0.6313539743423462,2024-03-28 23:01:13.508969
136708,sz.300316,2024-03-28 10:30:00,0.6337055563926697,2024-03-28 23:01:13.508969
136709,sz.300316,2024-03-28 11:30:00,0.6334776878356934,2024-03-28 23:01:13.508969
136710,sz.300316,2024-03-28 14:00:00,0.6334027647972107,2024-03-28 23:01:13.508969
136711,sz.300316,2024-03-28 15:00:00,0.6335538625717163,2024-03-28 23:01:13.508969
137200,sz.300347,2024-03-28 10:30:00,0.6320118308067322,2024-03-28 23:01:13.508969
137201,sz.300347,2024-03-28 11:30:00,0.6334452629089355,2024-03-28 23:01:13.508969
137202,sz.300347,2024-03-28 14:00:00,0.6325199007987976,2024-03-28 23:01:13.508969
137203,sz.300347,2024-03-28 15:00:00,0.6332951188087463,2024-03-28 23:01:13.508969
137692,sz.300408,2024-03-28 10:30:00,0.6333718299865723,2024-03-28 23:01:13.508969
137693,sz.300408,2024-03-28 11:30:00,0.6333821415901184,2024-03-28 23:01:13.508969
137694,sz.300408,2024-03-28 14:00:00,0.6335320472717285,2024-03-28 23:01:13.508969
137695,sz.300408,2024-03-28 15:00:00,0.6333135366439819,2024-03-28 23:01:13.508969
138184,sz.300413,2024-03-28 10:30:00,0.632472813129425,2024-03-28 23:01:13.508969
138185,sz.300413,2024-03-28 11:30:00,0.6328288316726685,2024-03-28 23:01:13.508969
138186,sz.300413,2024-03-28 14:00:00,0.632806122303009,2024-03-28 23:01:13.508969
138187,sz.300413,2024-03-28 15:00:00,0.6327136754989624,2024-03-28 23:01:13.508969
138676,sz.300433,2024-03-28 10:30:00,0.6322147846221924,2024-03-28 23:01:13.508969
138677,sz.300433,2024-03-28 11:30:00,0.6318504214286804,2024-03-28 23:01:13.508969
138678,sz.300433,2024-03-28 14:00:00,0.6325022578239441,2024-03-28 23:01:13.508969
138679,sz.300433,2024-03-28 15:00:00,0.6323796510696411,2024-03-28 23:01:13.508969
139168,sz.300450,2024-03-28 10:30:00,0.6329845786094666,2024-03-28 23:01:13.508969
139169,sz.300450,2024-03-28 11:30:00,0.6333286762237549,2024-03-28 23:01:13.508969
139170,sz.300450,2024-03-28 14:00:00,0.6332998871803284,2024-03-28 23:01:13.508969
139171,sz.300450,2024-03-28 15:00:00,0.6332085728645325,2024-03-28 23:01:13.508969
139660,sz.300454,2024-03-28 10:30:00,0.6328280568122864,2024-03-28 23:01:13.508969
139661,sz.300454,2024-03-28 11:30:00,0.6328772306442261,2024-03-28 23:01:13.508969
139662,sz.300454,2024-03-28 14:00:00,0.6330059170722961,2024-03-28 23:01:13.508969
139663,sz.300454,2024-03-28 15:00:00,0.6328827738761902,2024-03-28 23:01:13.508969
140152,sz.300496,2024-03-28 10:30:00,0.6336115598678589,2024-03-28 23:01:13.508969
140153,sz.300496,2024-03-28 11:30:00,0.6332350373268127,2024-03-28 23:01:13.508969
140154,sz.300496,2024-03-28 14:00:00,0.6335722208023071,2024-03-28 23:01:13.508969
140155,sz.300496,2024-03-28 15:00:00,0.6334172487258911,2024-03-28 23:01:13.508969
140644,sz.300498,2024-03-28 10:30:00,0.6327229738235474,2024-03-28 23:01:13.508969
140645,sz.300498,2024-03-28 11:30:00,0.6332809925079346,2024-03-28 23:01:13.508969
140646,sz.300498,2024-03-28 14:00:00,0.6329389214515686,2024-03-28 23:01:13.508969
140647,sz.300498,2024-03-28 15:00:00,0.6332340240478516,2024-03-28 23:01:13.508969
141136,sz.300628,2024-03-28 10:30:00,0.6341272592544556,2024-03-28 23:01:13.508969
141137,sz.300628,2024-03-28 11:30:00,0.6337698101997375,2024-03-28 23:01:13.508969
141138,sz.300628,2024-03-28 14:00:00,0.633838415145874,2024-03-28 23:01:13.508969
141139,sz.300628,2024-03-28 15:00:00,0.6339758038520813,2024-03-28 23:01:13.508969
141628,sz.300661,2024-03-28 10:30:00,0.6334149241447449,2024-03-28 23:01:13.508969
141629,sz.300661,2024-03-28 11:30:00,0.6331284642219543,2024-03-28 23:01:13.508969
141630,sz.300661,2024-03-28 14:00:00,0.6332075595855713,2024-03-28 23:01:13.508969
141631,sz.300661,2024-03-28 15:00:00,0.6331042051315308,2024-03-28 23:01:13.508969
142120,sz.300750,2024-03-28 10:30:00,0.6329717040061951,2024-03-28 23:01:13.508969
142121,sz.300750,2024-03-28 11:30:00,0.6333066821098328,2024-03-28 23:01:13.508969
142122,sz.300750,2024-03-28 14:00:00,0.6330924034118652,2024-03-28 23:01:13.508969
142123,sz.300750,2024-03-28 15:00:00,0.6331264972686768,2024-03-28 23:01:13.508969
142612,sz.300751,2024-03-28 10:30:00,0.6328225135803223,2024-03-28 23:01:13.508969
142613,sz.300751,2024-03-28 11:30:00,0.6329506635665894,2024-03-28 23:01:13.508969
142614,sz.300751,2024-03-28 14:00:00,0.6330242156982422,2024-03-28 23:01:13.508969
142615,sz.300751,2024-03-28 15:00:00,0.6329754590988159,2024-03-28 23:01:13.508969
143104,sz.300759,2024-03-28 10:30:00,0.6326870322227478,2024-03-28 23:01:13.508969
143105,sz.300759,2024-03-28 11:30:00,0.6330229640007019,2024-03-28 23:01:13.508969
143106,sz.300759,2024-03-28 14:00:00,0.6328528523445129,2024-03-28 23:01:13.508969
143107,sz.300759,2024-03-28 15:00:00,0.6329354643821716,2024-03-28 23:01:13.508969
143596,sz.300760,2024-03-28 10:30:00,0.6335762143135071,2024-03-28 23:01:13.508969
143597,sz.300760,2024-03-28 11:30:00,0.6338616609573364,2024-03-28 23:01:13.508969
143598,sz.300760,2024-03-28 14:00:00,0.6337718367576599,2024-03-28 23:01:13.508969
143599,sz.300760,2024-03-28 15:00:00,0.6339226961135864,2024-03-28 23:01:13.508969
144088,sz.300763,2024-03-28 10:30:00,0.6326382756233215,2024-03-28 23:01:13.508969
144089,sz.300763,2024-03-28 11:30:00,0.6323716640472412,2024-03-28 23:01:13.508969
144090,sz.300763,2024-03-28 14:00:00,0.6326355338096619,2024-03-28 23:01:13.508969
144091,sz.300763,2024-03-28 15:00:00,0.6324867010116577,2024-03-28 23:01:13.508969
144580,sz.300782,2024-03-28 10:30:00,0.6333812475204468,2024-03-28 23:01:13.508969
144581,sz.300782,2024-03-28 11:30:00,0.6333882212638855,2024-03-28 23:01:13.508969
144582,sz.300782,2024-03-28 14:00:00,0.6333611607551575,2024-03-28 23:01:13.508969
144583,sz.300782,2024-03-28 15:00:00,0.6333221793174744,2024-03-28 23:01:13.508969
145072,sz.300896,2024-03-28 10:30:00,0.6329569816589355,2024-03-28 23:01:13.508969
145073,sz.300896,2024-03-28 11:30:00,0.633368730545044,2024-03-28 23:01:13.508969
145074,sz.300896,2024-03-28 14:00:00,0.6333549618721008,2024-03-28 23:01:13.508969
145075,sz.300896,2024-03-28 15:00:00,0.6331486701965332,2024-03-28 23:01:13.508969
145564,sz.300919,2024-03-28 10:30:00,0.6328129172325134,2024-03-28 23:01:13.508969
145565,sz.300919,2024-03-28 11:30:00,0.6333715319633484,2024-03-28 23:01:13.508969
145566,sz.300919,2024-03-28 14:00:00,0.6334249973297119,2024-03-28 23:01:13.508969
145567,sz.300919,2024-03-28 15:00:00,0.6333972215652466,2024-03-28 23:01:13.508969
146056,sz.300957,2024-03-28 10:30:00,0.6334437131881714,2024-03-28 23:01:13.508969
146057,sz.300957,2024-03-28 11:30:00,0.6335617899894714,2024-03-28 23:01:13.508969
146058,sz.300957,2024-03-28 14:00:00,0.6333971619606018,2024-03-28 23:01:13.508969
146059,sz.300957,2024-03-28 15:00:00,0.6334550976753235,2024-03-28 23:01:13.508969
146548,sz.300979,2024-03-28 10:30:00,0.6324728727340698,2024-03-28 23:01:13.508969
146549,sz.300979,2024-03-28 11:30:00,0.6328924894332886,2024-03-28 23:01:13.508969
146550,sz.300979,2024-03-28 14:00:00,0.6329431533813477,2024-03-28 23:01:13.508969
146551,sz.300979,2024-03-28 15:00:00,0.6329808831214905,2024-03-28 23:01:13.508969
147040,sz.300999,2024-03-28 10:30:00,0.6339574456214905,2024-03-28 23:01:13.508969
147041,sz.300999,2024-03-28 11:30:00,0.6343332529067993,2024-03-28 23:01:13.508969
147042,sz.300999,2024-03-28 14:00:00,0.6342703104019165,2024-03-28 23:01:13.508969
147043,sz.300999,2024-03-28 15:00:00,0.6341957449913025,2024-03-28 23:01:13.508969
147532,sz.301269,2024-03-28 10:30:00,0.6334575414657593,2024-03-28 23:01:13.508969
147533,sz.301269,2024-03-28 11:30:00,0.6335464715957642,2024-03-28 23:01:13.508969
147534,sz.301269,2024-03-28 14:00:00,0.6335300803184509,2024-03-28 23:01:13.508969
147535,sz.301269,2024-03-28 15:00:00,0.6334925293922424,2024-03-28 23:01:13.508969
