volume,code,psTTM,high,adjustflag,tradestatus,pbMRQ,preclose,pctChg,open,close,peTTM,isST,turn,pcfNcfTTM,low,date,amount,time
22257908,sh.688506,19.377922,34.9700,3,1,139.717268,24.7000,29.757100,28.7500,32.0500,-40.190287,0,67.319100,-183.366410,28.7500,2023-01-06,702068652.6600,2023-01-06
14668379,sh.688506,23.217229,38.8300,3,1,167.399161,32.0500,19.812800,34.0000,38.4000,-48.153105,0,44.364500,-219.696417,34.0000,2023-01-09,541744835.2800,2023-01-09
7334213,sh.688506,25.998460,43.6000,3,1,187.452185,38.4000,11.979200,37.3300,43.0000,-53.921445,0,22.182300,-246.014217,37.0100,2023-01-10,295257850.7100,2023-01-10
6539225,sh.688506,24.486921,41.9800,3,1,176.553802,43.0000,-5.814000,41.7100,40.5000,-50.786478,0,19.777900,-231.711065,39.4000,2023-01-11,265076943.9500,2023-01-11
6810828,sh.688506,25.091537,43.5000,3,1,180.913155,40.5000,2.469100,39.7000,41.5000,-52.040465,0,20.599400,-237.432325,39.6600,2023-01-12,287746603.4300,2023-01-12
5936600,sh.688506,29.293613,49.0400,3,1,211.210660,41.5000,16.747000,42.2000,48.4500,-60.755675,0,17.955300,-277.195088,41.5100,2023-01-13,272655252.3700,2023-01-13
6608932,sh.688506,33.967290,57.7400,3,1,244.908459,48.4500,15.954600,48.5500,56.1800,-70.448995,0,19.988700,-321.420435,48.1700,2023-01-16,347233488.5600,2023-01-16
5414269,sh.688506,34.197044,58.0000,3,1,246.565014,56.1800,0.676400,56.0000,56.5600,-70.925510,0,16.375500,-323.594514,54.0500,2023-01-17,303295866.8300,2023-01-17
5395460,sh.688506,34.100305,59.9700,3,1,245.867517,56.5600,-0.282900,56.5800,56.4000,-70.724872,0,16.318600,-322.679112,52.1000,2023-01-18,295450756.8600,2023-01-18
3976979,sh.688506,33.011998,58.5000,3,1,238.020682,56.4000,-3.191500,55.8700,54.6000,-68.467696,0,12.028400,-312.380843,53.6400,2023-01-19,222144233.5400,2023-01-19
4781546,sh.688506,31.959967,55.2400,3,1,230.435407,54.6000,-3.186800,54.3900,52.8600,-66.285758,0,14.461800,-302.425849,51.0000,2023-01-20,253604205.1600,2023-01-20
4443760,sh.688506,38.350751,63.4300,3,1,276.513770,52.8600,19.996200,53.1000,63.4300,-79.540402,0,13.440200,-362.899576,53.1000,2023-01-30,261906819.2100,2023-01-30
3412601,sh.688506,39.602305,66.6600,3,1,285.537631,63.4300,3.263400,64.8300,65.5000,-82.136155,0,10.321400,-374.742586,60.6800,2023-01-31,217924349.1100,2023-01-31
3985039,sh.688506,47.522766,78.6000,3,1,342.645157,65.5000,20.000000,64.0300,78.6000,-98.563386,0,12.052800,-449.691103,62.8600,2023-02-01,278707227.4400,2023-02-01
4613064,sh.688506,49.632873,89.8400,3,1,357.859299,78.6000,4.440200,78.6000,82.0900,-102.939801,0,13.952200,-469.658304,75.3800,2023-02-02,373175429.8500,2023-02-02
3926251,sh.688506,47.208366,81.7000,3,1,340.378293,82.0900,-4.884900,80.0000,78.0800,-97.911313,0,11.875000,-446.716048,76.0000,2023-02-03,312429496.0500,2023-02-03
3274893,sh.688506,46.785135,80.3000,3,1,337.326746,78.0800,-0.896500,78.6300,77.3800,-97.033522,0,9.904900,-442.711165,75.0100,2023-02-06,254337875.2100,2023-02-06
3525152,sh.688506,47.800889,83.4500,3,1,344.650459,77.3800,2.171100,78.6900,79.0600,-99.140220,0,10.661800,-452.322883,75.1800,2023-02-07,277086066.9000,2023-02-07
2516208,sh.688506,48.865012,84.6500,3,1,352.322921,79.0600,2.226200,76.3000,80.8200,-101.347237,0,7.610300,-462.392302,76.3000,2023-02-08,203663168.2600,2023-02-08
2689245,sh.688506,47.305104,80.0100,3,1,341.075790,80.8200,-3.192300,80.0000,78.2400,-98.111951,0,8.133600,-447.631449,74.0000,2023-02-09,206372318.2800,2023-02-09
1857867,sh.688506,45.581951,79.6300,3,1,328.651633,78.2400,-3.642600,78.1500,75.3900,-94.538087,0,5.619100,-431.325856,74.7700,2023-02-10,141857752.1100,2023-02-10
2282483,sh.688506,46.513058,78.3700,3,1,335.365037,75.3900,2.042700,76.0000,76.9300,-96.469228,0,6.903400,-440.136598,74.0100,2023-02-13,174320161.5600,2023-02-13
3064498,sh.688506,48.605027,81.5200,3,1,350.448399,76.9300,4.497600,76.9300,80.3900,-100.808023,0,9.268600,-459.932160,74.2200,2023-02-14,242832909.3700,2023-02-14
1623330,sh.688506,47.462304,80.9900,3,1,342.209222,80.3900,-2.351000,80.6600,78.5000,-98.437987,0,4.909800,-449.118977,76.3100,2023-02-15,126850682.4600,2023-02-15
2849085,sh.688506,42.891412,78.3000,3,1,309.252512,78.5000,-9.630600,78.3000,70.9400,-88.957845,0,8.617100,-405.866245,70.5800,2023-02-16,210448903.3800,2023-02-16
2114423,sh.688506,43.532305,73.6500,3,1,313.873426,70.9400,1.494200,70.8000,72.0000,-90.287071,0,6.395100,-411.930782,69.5700,2023-02-17,151647007.7900,2023-02-17
2097476,sh.688506,42.020766,74.5000,3,1,302.975043,72.0000,-3.472200,72.0000,69.5000,-87.152103,0,6.343800,-397.627629,68.0000,2023-02-20,146632486.3000,2023-02-20
1309260,sh.688506,41.531028,71.5000,3,1,299.443967,69.5000,-1.165500,69.5800,68.6900,-86.136374,0,3.959900,-392.993408,66.0000,2023-02-21,89880140.3700,2023-02-21
2668686,sh.688506,43.592766,74.2800,3,1,314.309362,68.6900,4.964300,68.3400,72.1000,-90.412470,0,8.071400,-412.502908,67.8000,2023-02-22,192941505.9000,2023-02-22
942569,sh.688506,43.465797,73.4700,3,1,313.393897,72.1000,-0.291300,70.7000,71.8900,-90.149133,0,2.850800,-411.301443,70.3300,2023-02-23,67999100.0700,2023-02-23
1528065,sh.688506,45.739151,76.9600,3,1,329.785065,71.8900,5.230200,72.5800,75.6500,-94.864124,0,4.621600,-432.813384,71.6300,2023-02-24,114930358.7100,2023-02-24
1198780,sh.688506,44.130874,76.5800,3,1,318.189186,75.6500,-3.516200,75.6500,72.9900,-91.528518,0,3.625700,-417.594830,72.7000,2023-02-27,88901836.6600,2023-02-27
1097078,sh.688506,41.760285,74.3700,3,1,319.279024,72.9900,0.342500,73.0000,73.2400,-102.665528,0,3.318100,-419.025145,71.0000,2023-02-28,79970310.6000,2023-02-28
1163560,sh.688506,41.594932,73.2800,3,1,318.014812,73.2400,-0.396000,73.0000,72.9500,-102.259015,0,3.519200,-417.365979,69.8100,2023-03-01,83445564.4400,2023-03-01
1525371,sh.688506,39.713324,72.8900,3,1,303.628946,72.9500,-4.523600,72.8900,69.6500,-97.633178,0,4.613500,-398.485819,68.5800,2023-03-02,106637531.4100,2023-03-02
650062,sh.688506,39.570778,71.3300,3,1,302.539108,69.6500,-0.358900,68.8800,69.4000,-97.282736,0,1.966100,-397.055503,68.5000,2023-03-03,45394842.4600,2023-03-03
764969,sh.688506,39.108929,70.7000,3,1,299.008032,69.4000,-1.167100,67.3800,68.5900,-96.147304,0,2.313700,-392.421282,67.3000,2023-03-06,53046952.9300,2023-03-06
597764,sh.688506,38.156721,70.6900,3,1,291.727912,68.5900,-2.434800,69.0000,66.9200,-93.806350,0,1.807900,-382.866776,66.6800,2023-03-07,40802446.0100,2023-03-07
473516,sh.688506,37.575133,67.3900,3,1,287.281372,66.9200,-1.524200,66.9200,65.9000,-92.376546,0,1.432100,-377.031090,65.5000,2023-03-08,31390763.8500,2023-03-08
429700,sh.688506,38.031281,67.5000,3,1,290.768855,65.9000,1.214000,65.9000,66.7000,-93.497961,0,1.299600,-381.608099,64.9600,2023-03-09,28438184.2400,2023-03-09
688008,sh.688506,36.161077,66.6000,3,1,276.470176,66.7000,-4.917500,66.2900,63.4200,-88.900161,0,2.080900,-362.842363,63.4200,2023-03-10,44520604.8000,2023-03-10
1172703,sh.688506,36.816789,68.7600,3,1,281.483432,63.4200,1.813300,64.5000,64.5700,-90.512194,0,3.546800,-369.421813,64.3100,2023-03-13,78233097.7200,2023-03-13
2731420,sh.688506,44.177866,77.4800,3,1,337.762681,64.5700,19.993800,66.4500,77.4800,-108.609026,0,8.261200,-443.283291,66.2100,2023-03-14,198912577.4200,2023-03-14
2658378,sh.688506,44.474361,82.0000,3,1,340.029545,77.4800,0.671100,74.2800,78.0000,-109.337946,0,8.040300,-446.258347,74.2800,2023-03-15,208103299.0500,2023-03-15
2666756,sh.688506,45.671748,83.5200,3,1,349.184187,78.0000,2.692300,78.6000,80.1000,-112.281660,0,8.065600,-458.272995,77.0300,2023-03-16,215315752.7800,2023-03-16
1948489,sh.688506,44.531380,78.8400,3,1,340.465480,80.1000,-2.496900,78.0000,78.1000,-109.478123,0,5.893200,-446.830473,75.6800,2023-03-17,150267449.7100,2023-03-17
1653292,sh.688506,43.909879,78.1000,3,1,335.713785,78.1000,-1.395600,76.7400,77.0100,-107.950195,0,5.000400,-440.594298,72.7800,2023-03-20,124779607.0500,2023-03-20
1043103,sh.688506,43.048901,79.7900,3,1,329.131162,77.0100,-1.960800,76.9000,75.5000,-105.833524,0,3.154900,-431.955195,75.0000,2023-03-21,79651737.7200,2023-03-21
986000,sh.688506,41.395367,77.0000,3,1,316.489038,75.5000,-3.841100,75.5100,72.6000,-101.768396,0,2.982200,-415.363538,72.4300,2023-03-22,72661054.6700,2023-03-22
1530089,sh.688506,40.312017,73.4700,3,1,308.206267,72.6000,-2.617100,73.0800,70.7000,-99.105035,0,4.627800,-404.493142,67.6400,2023-03-23,106742355.8700,2023-03-23
847312,sh.688506,39.051910,71.8700,3,1,298.572097,70.7000,-3.125900,70.0800,68.4900,-96.007127,0,2.562700,-391.849156,67.2100,2023-03-24,58210748.5800,2023-03-24
1151126,sh.688506,39.901485,70.8400,3,1,305.067533,68.4900,2.175500,67.0000,69.9800,-98.095762,0,3.481600,-400.373835,66.5000,2023-03-27,80129335.9000,2023-03-27
786918,sh.688506,38.088299,68.9800,3,1,291.204790,69.9800,-4.544200,68.8800,66.8000,-93.638138,0,2.380000,-382.180225,66.1100,2023-03-28,52872572.7800,2023-03-28
572780,sh.688506,38.875153,68.4000,3,1,297.220697,66.8000,2.065900,67.8000,68.1800,-95.572579,0,1.732400,-390.075565,65.0100,2023-03-29,38391751.3100,2023-03-29
907318,sh.688506,38.356286,70.2800,3,1,293.253686,68.1800,-1.334700,68.9300,67.2700,-94.296969,0,2.744200,-384.869218,65.6600,2023-03-30,62120535.4100,2023-03-30
1064426,sh.688506,37.284340,67.0000,3,1,285.058102,67.2700,-2.794700,66.3000,65.3900,-91.661645,0,3.219400,-374.113247,64.2800,2023-03-31,69691263.2900,2023-03-31
1249129,sh.688506,36.229499,66.8000,3,1,276.993299,65.3900,-2.829200,64.9000,63.5400,-89.068373,0,3.778000,-363.528915,62.5600,2023-04-03,79501386.0400,2023-04-03
1067106,sh.688506,36.503187,64.4500,3,1,279.085788,63.5400,0.755400,64.4500,64.0200,-89.741222,0,3.227500,-366.275120,61.1100,2023-04-04,67015530.0700,2023-04-04
1922927,sh.688506,40.186577,73.5000,3,1,307.247209,64.0200,10.090600,64.9000,70.4800,-98.796646,0,5.815900,-403.234465,63.9300,2023-04-06,134916831.8100,2023-04-06
2504945,sh.688506,42.427400,77.4800,3,1,324.379467,70.4800,5.576000,71.0000,74.4100,-104.305597,0,7.576200,-425.719020,71.0000,2023-04-07,188240717.1500,2023-04-07
2627847,sh.688506,49.149871,88.5000,3,1,375.776241,74.4100,15.844600,74.4100,86.2000,-120.832448,0,7.947900,-493.172686,73.8000,2023-04-10,217408598.1900,2023-04-10
2626746,sh.688506,46.777905,90.4800,3,1,357.641332,86.2000,-4.826000,84.0000,82.0400,-115.001091,0,7.944600,-469.372241,80.5200,2023-04-11,221767118.1200,2023-04-11
1904744,sh.688506,45.386656,83.6500,3,1,347.004510,82.0400,-2.974200,80.9600,79.6000,-111.580775,0,5.760900,-455.412364,78.0000,2023-04-12,152842130.1600,2023-04-12
2717492,sh.688506,49.777074,88.5000,3,1,380.571529,79.6000,9.673400,78.9800,87.3000,-122.374393,0,8.219100,-499.466073,78.0500,2023-04-13,229781080.5800,2023-04-13
2383414,sh.688506,46.931855,92.0000,3,1,358.818357,87.3000,-5.715900,88.0000,82.3100,-115.379568,0,7.208600,-470.916981,80.1500,2023-04-14,199942804.1300,2023-04-14
2412334,sh.688506,48.408632,87.2800,3,1,370.109082,82.3100,3.146600,80.0000,84.9000,-119.010149,0,7.296100,-485.735047,78.0500,2023-04-17,203871376.2100,2023-04-17
2144950,sh.688506,49.720055,88.4800,3,1,380.135594,84.9000,2.709100,84.7100,87.2000,-122.234216,0,6.487400,-498.893947,82.5300,2023-04-18,184671377.4200,2023-04-18
1585849,sh.688506,49.594615,87.8000,3,1,379.176536,87.2000,-0.252300,85.3000,86.9800,-121.925827,0,4.796400,-497.635269,82.3700,2023-04-19,135537575.3600,2023-04-19
1164904,sh.688506,49.862601,89.5000,3,1,381.225432,86.9800,0.540400,87.0000,87.4500,-122.584658,0,3.523300,-500.324262,84.3300,2023-04-20,101259460.4700,2023-04-20
3242886,sh.688506,55.336369,103.8800,3,1,423.075222,87.4500,10.977700,87.7500,97.0500,-136.041636,0,9.808100,-555.248366,86.1000,2023-04-21,312315728.3800,2023-04-21
2065107,sh.688506,54.669253,100.0800,3,1,417.974779,97.0500,-1.205600,98.6900,95.8800,-134.401567,0,6.245900,-548.554491,91.8100,2023-04-24,195496499.0700,2023-04-24
1564010,sh.688506,51.390695,94.0000,3,1,392.908499,95.8800,-5.997100,93.7100,90.1300,-126.341398,0,4.730400,-515.657241,88.0000,2023-04-25,141760951.1200,2023-04-25
1313826,sh.688506,51.601663,94.0000,3,1,394.521459,90.1300,0.410500,91.0000,90.5000,-126.860052,0,3.973700,-517.774107,87.1600,2023-04-26,118856695.1600,2023-04-26
1776234,sh.688506,55.912255,101.5000,3,1,427.478169,90.5000,8.353600,90.5000,98.0600,-137.457423,0,5.372200,-561.026839,88.2200,2023-04-27,171529353.0200,2023-04-27
1947165,sh.688506,57.799564,106.5000,3,1,441.907628,98.0600,3.375500,98.0000,101.3700,-142.097276,0,5.889200,-579.964213,95.3300,2023-04-28,195615529.9000,2023-04-28
1517266,sh.688506,57.984689,105.9000,3,1,53.547842,101.3700,0.621500,100.0000,102.0000,-101.335221,0,4.589000,62.186822,97.0000,2023-05-04,155352040.2400,2023-05-04
1032241,sh.688506,54.153152,101.9500,3,1,50.009485,102.0000,-6.607800,101.9500,95.2600,-94.639149,0,3.122000,58.077615,95.2500,2023-05-05,100973160.0200,2023-05-05
2542785,sh.688506,50.020322,95.5800,3,1,46.192889,95.2600,-7.631700,95.3900,87.9900,-87.416531,0,7.690700,53.645279,85.7900,2023-05-08,224901276.0000,2023-05-08
1553351,sh.688506,47.194989,87.7000,3,1,43.583744,87.9900,-5.648400,87.0000,83.0200,-82.478922,0,4.698100,50.615196,82.0000,2023-05-09,130514349.4400,2023-05-09
1250387,sh.688506,48.792411,87.6500,3,1,45.058934,83.0200,3.384700,82.6600,85.8300,-85.270608,0,3.781800,52.328382,81.9600,2023-05-10,106662668.5800,2023-05-10
2701956,sh.688506,58.553167,103.0000,3,1,54.072821,85.8300,20.004700,87.1900,103.0000,-102.328704,0,8.172100,62.796497,86.1800,2023-05-11,259242331.7900,2023-05-11
2244192,sh.688506,56.847735,105.4100,3,1,52.497885,103.0000,-2.912600,99.1900,100.0000,-99.348256,0,6.787600,60.967473,98.0000,2023-05-12,227801280.2600,2023-05-12
1370705,sh.688506,54.067880,101.6900,3,1,49.930738,100.0000,-4.890000,99.4800,95.1100,-94.490126,0,4.145700,57.986163,94.1100,2023-05-15,131744576.7000,2023-05-15
1680111,sh.688506,54.062196,101.0000,3,1,49.925488,95.1100,-0.010500,96.0600,95.1000,-94.480192,0,5.081500,57.980067,94.8100,2023-05-16,163341836.2900,2023-05-16
982720,sh.688506,54.011033,95.5900,3,1,49.878240,95.1000,-0.094600,94.0900,95.0100,-94.390778,0,2.972200,57.925196,92.1800,2023-05-17,92334064.3800,2023-05-17
765202,sh.688506,54.528347,96.4900,3,1,50.355971,95.0100,0.957800,95.0100,95.9200,-95.294847,0,2.314400,58.480000,93.6100,2023-05-18,72581627.1100,2023-05-18
816158,sh.688506,54.255478,96.4900,3,1,50.103981,95.9200,-0.500400,95.9200,95.4400,-94.817976,0,2.468500,58.187356,93.3500,2023-05-19,77715254.9800,2023-05-19
665031,sh.688506,54.374858,96.9900,3,1,50.214227,95.4400,0.220000,95.3000,95.6500,-95.026607,0,2.011400,58.315388,93.0500,2023-05-22,63313404.2400,2023-05-22
738164,sh.688506,53.783642,97.2000,3,1,49.668249,95.6500,-1.087300,95.6500,94.6100,-93.993385,0,2.232600,57.681326,93.2100,2023-05-23,70215647.5600,2023-05-23
1010355,sh.688506,51.964514,95.0100,3,1,47.988316,94.6100,-3.382300,95.0100,91.4100,-90.814241,0,3.055800,55.730367,89.1000,2023-05-24,92168109.3000,2023-05-24
747394,sh.688506,53.578990,94.5100,3,1,49.479256,91.4100,3.106900,89.2100,94.2500,-93.635731,0,2.260500,57.461843,89.0000,2023-05-25,68867189.2100,2023-05-25
997339,sh.688506,53.152632,97.5700,3,1,49.085522,94.2500,-0.795800,92.3500,93.5000,-92.890619,0,3.016500,57.004587,92.2800,2023-05-26,93840250.1900,2023-05-26
3032852,sh.688506,46.984653,95.0000,3,1,43.389502,93.5000,-11.604300,91.7800,82.6500,-82.111334,0,9.172900,50.389616,81.2800,2023-05-29,257141031.8000,2023-05-29
1567344,sh.688506,46.757262,83.3100,3,1,43.179510,82.6500,-0.484000,81.5800,82.2500,-81.713941,0,4.740400,50.145746,80.8400,2023-05-30,128255153.5800,2023-05-30
1606943,sh.688506,46.996022,86.6000,3,1,43.400001,82.2500,0.510600,81.4400,82.6700,-82.131203,0,4.860200,50.401810,81.4400,2023-05-31,134523922.5500,2023-05-31
1396861,sh.688506,45.989817,82.3700,3,1,42.470789,82.6700,-2.141000,82.3700,80.9000,-80.372739,0,4.224800,49.322686,78.7700,2023-06-01,112372682.7800,2023-06-01
794209,sh.688506,45.950024,82.4000,3,1,42.434040,80.9000,-0.086500,82.0600,80.8300,-80.303195,0,2.402100,49.280008,79.8000,2023-06-02,64280616.4200,2023-06-02
802852,sh.688506,45.705579,82.1700,3,1,42.208299,80.8300,-0.532000,80.8600,80.4000,-79.875998,0,2.428200,49.017848,79.3600,2023-06-05,64574556.6700,2023-06-05
2088903,sh.688506,43.556734,81.4900,3,1,40.223879,80.4000,-4.701500,80.4000,76.6200,-76.120634,0,6.317900,46.713278,74.1300,2023-06-06,163233614.3600,2023-06-06
1077106,sh.688506,44.034255,78.6800,3,1,40.664861,76.6200,1.096300,76.2300,77.4600,-76.955159,0,3.257700,47.225404,75.6100,2023-06-07,83515932.8600,2023-06-07
1236089,sh.688506,42.351562,78.1000,3,1,39.110924,77.4600,-3.821300,78.1000,74.5000,-74.014451,0,3.738600,45.420767,73.2600,2023-06-08,92581356.1200,2023-06-08
1237256,sh.688506,44.761906,80.7500,3,1,41.336834,74.5000,5.691300,74.4900,78.7400,-78.226817,0,3.742100,48.005788,73.4000,2023-06-09,97065461.7400,2023-06-09
470018,sh.688506,43.772756,80.0000,3,1,40.423371,78.7400,-2.209800,78.0100,77.0000,-76.498157,0,1.421600,46.944954,76.7600,2023-06-12,36442166.4100,2023-06-12
871630,sh.688506,42.704018,78.1500,3,1,39.436411,77.0000,-2.441600,78.1500,75.1200,-74.630410,0,2.636200,45.798766,74.2300,2023-06-13,65711237.0900,2023-06-13
988481,sh.688506,41.208923,75.8800,3,1,38.055717,75.1200,-3.501100,75.5000,72.4900,-72.017551,0,2.989700,44.195321,71.9000,2023-06-14,71951786.0500,2023-06-14
519677,sh.688506,41.839933,74.4900,3,1,38.638443,72.4900,1.531200,72.3300,73.6000,-73.120316,0,1.571800,44.872060,71.9800,2023-06-15,38055940.5300,2023-06-15
1394520,sh.688506,44.170690,79.5100,3,1,40.790856,73.6000,5.570700,73.4800,77.7000,-77.193595,0,4.217700,47.371726,73.4800,2023-06-16,108131113.8900,2023-06-16
685520,sh.688506,43.272496,78.7900,3,1,39.961390,77.7000,-2.033500,76.0000,76.1200,-75.623893,0,2.073400,46.408440,75.0000,2023-06-19,52366338.4900,2023-06-19
532968,sh.688506,43.317974,77.0900,3,1,40.003388,76.1200,0.105100,75.9000,76.2000,-75.703371,0,1.612000,46.457214,75.0100,2023-06-20,40531246.2900,2023-06-20
959155,sh.688506,44.017201,79.4800,3,1,40.649112,76.2000,1.614200,76.0000,77.4300,-76.925355,0,2.901000,47.207114,74.7300,2023-06-21,74290948.3900,2023-06-21
763472,sh.688506,40.828043,77.3900,3,1,37.703981,77.4300,-7.245300,77.2900,71.8200,-71.351918,0,2.309100,43.786839,71.6500,2023-06-26,56328587.0500,2023-06-26
961665,sh.688506,42.163965,76.5000,3,1,38.937681,71.8200,3.272100,73.0400,74.1700,-73.686602,0,2.908600,45.219575,71.0100,2023-06-27,71636032.1800,2023-06-27
354183,sh.688506,42.368617,75.3500,3,1,39.126673,74.1700,0.485400,73.7400,74.5300,-74.044255,0,1.071200,45.439057,72.9300,2023-06-28,26380367.0600,2023-06-28
314256,sh.688506,41.584118,75.8800,3,1,38.402203,74.5300,-1.851600,73.8600,73.1500,-72.673249,0,0.950500,44.597706,72.5000,2023-06-29,23209295.5000,2023-06-29
534394,sh.688506,41.135021,75.9400,3,1,37.987469,73.1500,-1.080000,72.0100,72.3600,-71.888398,0,1.616300,44.116063,71.1000,2023-06-30,39119450.5700,2023-06-30
1978509,sh.688506,45.574829,82.9900,3,1,42.087554,72.3600,10.793300,73.0000,80.1700,-79.647497,0,5.984000,48.877623,72.0100,2023-07-03,156875693.7900,2023-07-03
2079555,sh.688506,49.628072,96.1900,3,1,45.830653,80.1700,8.893600,79.6600,87.3000,-86.731028,0,6.289600,53.224604,77.8800,2023-07-04,181587161.5200,2023-07-04
1614668,sh.688506,47.581554,87.6100,3,1,43.940729,87.3000,-4.123700,87.4900,83.7000,-83.154490,0,4.883600,51.029775,81.0900,2023-07-05,135114034.3600,2023-07-05
1571862,sh.688506,48.326259,87.0000,3,1,44.628452,83.7000,1.565100,83.6300,85.0100,-84.455952,0,4.507400,51.828449,82.2100,2023-07-06,133313434.1600,2023-07-06
1660215,sh.688506,49.974843,90.6900,3,1,46.150890,85.0100,3.411400,83.6500,87.9100,-87.337052,0,4.760700,53.596505,83.0800,2023-07-07,146851768.5700,2023-07-07
1061184,sh.688506,48.013597,89.0000,3,1,44.339713,87.9100,-3.924500,84.6100,84.4600,-83.909537,0,3.043000,51.493128,82.1800,2023-07-10,90065278.2500,2023-07-10
774462,sh.688506,48.883367,86.9400,3,1,45.142931,84.4600,1.811500,85.3000,85.9900,-85.429565,0,2.220800,52.425930,82.5900,2023-07-11,65724414.0400,2023-07-11
427727,sh.688506,48.331944,86.5000,3,1,44.633702,85.9900,-1.128000,86.0000,85.0200,-84.465887,0,1.226500,51.834545,84.3100,2023-07-12,36461460.3900,2023-07-12
834986,sh.688506,51.180015,91.4400,3,1,47.263846,85.0200,5.892700,85.8900,90.0300,-89.443235,0,2.394400,54.889016,85.8900,2023-07-13,74594337.1500,2023-07-13
892786,sh.688506,52.248753,92.5000,3,1,48.250806,90.0300,2.088200,88.5000,91.9100,-91.310982,0,2.560100,56.035204,88.1100,2023-07-14,81556893.3400,2023-07-14
391965,sh.688506,51.731438,92.5000,3,1,47.773075,91.9100,-0.990100,92.5000,91.0000,-90.406913,0,1.124000,55.480400,89.0000,2023-07-17,35648435.8800,2023-07-17
297722,sh.688506,51.646167,92.1300,3,1,47.694328,91.0000,-0.164800,90.9900,90.8500,-90.257891,0,0.853700,55.388949,90.0000,2023-07-18,27164352.3300,2023-07-18
528677,sh.688506,52.515937,95.9900,3,1,48.497546,90.8500,1.684100,89.9900,92.3800,-91.777919,0,1.516000,56.321751,88.9100,2023-07-19,49358343.3000,2023-07-19
1076521,sh.688506,50.202234,93.7700,3,1,46.360882,92.3800,-4.405700,93.7700,88.3100,-87.734445,0,3.087000,53.840375,86.5000,2023-07-20,95269962.0600,2023-07-20
2769910,sh.688506,46.046665,88.8800,3,1,42.523287,88.3100,-8.277700,88.0000,81.0000,-80.472087,0,7.942800,49.383653,80.0000,2023-07-21,228246250.9800,2023-07-21
1513574,sh.688506,49.622387,88.1300,3,1,45.825403,81.0000,7.765400,81.8400,87.2900,-86.721093,0,4.340200,53.218507,81.8400,2023-07-24,130703385.0500,2023-07-24
951706,sh.688506,50.543321,91.9700,3,1,46.675869,87.2900,1.855900,87.5100,88.9100,-88.330534,0,2.729100,54.206180,85.0000,2023-07-25,83337330.9700,2023-07-25
1072822,sh.688506,49.116443,89.8000,3,1,45.358172,88.9100,-2.823100,89.8000,86.4000,-85.836893,0,3.076400,52.675897,84.5000,2023-07-26,92877649.7000,2023-07-26
950984,sh.688506,50.753657,90.1800,3,1,46.870111,86.4000,3.333300,86.0000,89.2800,-88.698123,0,2.727000,54.431760,86.0000,2023-07-27,84391720.9200,2023-07-27
1437578,sh.688506,53.726794,97.0000,3,1,49.615751,89.2800,5.858000,89.9700,94.5100,-93.894037,0,4.122300,57.620359,87.0000,2023-07-28,133088283.4900,2023-07-28
1139982,sh.688506,50.594484,95.7900,3,1,46.723117,94.5100,-5.830100,95.1300,89.0000,-88.419948,0,3.268900,54.261051,85.7700,2023-07-31,101812951.4900,2023-07-31
727284,sh.688506,49.230138,90.9900,3,1,45.463168,89.0000,-2.696600,87.6700,86.6000,-86.035590,0,2.085500,52.797831,85.3000,2023-08-01,63842124.8800,2023-08-01
838013,sh.688506,48.707139,86.6500,3,1,44.980188,86.6000,-1.062400,85.8000,85.6800,-85.121586,0,2.403000,52.236931,83.8800,2023-08-02,71269565.9400,2023-08-02
597987,sh.688506,50.060115,90.0000,3,1,46.229637,85.6800,2.777800,84.3700,88.0600,-87.486074,0,1.714800,53.687957,84.3700,2023-08-03,52836534.4200,2023-08-03
460770,sh.688506,48.479748,88.3400,3,1,44.770196,88.0600,-3.156900,86.3700,85.2800,-84.724193,0,1.321300,51.993061,84.2200,2023-08-04,39438020.1600,2023-08-04
1316513,sh.688506,46.035295,84.1000,3,1,42.512787,85.2800,-5.042200,84.0000,80.9800,-80.452218,0,3.775200,49.371460,78.2300,2023-08-07,105569231.0000,2023-08-07
702836,sh.688506,46.194469,83.0500,3,1,42.659781,80.9800,0.345800,78.9800,81.2600,-80.730393,0,2.015400,49.542168,78.7300,2023-08-08,57188994.1000,2023-08-08
929782,sh.688506,48.309205,86.6100,3,1,44.612702,81.2600,4.577900,81.8700,84.9800,-84.426148,0,2.666200,51.810158,80.9900,2023-08-09,78706551.8000,2023-08-09
519729,sh.688506,47.183620,85.0000,3,1,43.573244,84.9800,-2.330000,85.0000,83.0000,-82.459053,0,1.490300,50.603002,81.6100,2023-08-10,43121911.8300,2023-08-10
245903,sh.688506,46.666305,84.1500,3,1,43.095513,83.0000,-1.096400,82.8000,82.0900,-81.554983,0,0.705100,50.048198,81.2200,2023-08-11,20273343.0500,2023-08-11
791801,sh.688506,47.979488,86.5500,3,1,44.308215,82.0900,2.814000,85.2000,84.4000,-83.849928,0,2.270500,51.456547,80.0400,2023-08-14,66936641.3000,2023-08-14
507214,sh.688506,47.405326,86.8700,3,1,43.777986,84.4000,-1.196700,84.3900,83.3900,-82.846511,0,1.454500,50.840776,82.4300,2023-08-15,42982985.6600,2023-08-15
1267521,sh.688506,47.956749,89.8800,3,1,44.287215,83.3900,1.163200,81.8200,84.3600,-83.810189,0,3.634700,51.432160,81.8200,2023-08-16,110296924.1900,2023-08-16
414478,sh.688506,47.843053,85.0000,3,1,44.182220,84.3600,-0.237100,84.0000,84.1600,-83.611492,0,1.188500,51.310225,82.8600,2023-08-17,34661821.2600,2023-08-17
491745,sh.688506,47.746412,86.5000,3,1,44.092973,84.1600,-0.202000,84.4400,83.9900,-83.442600,0,1.410100,51.206580,82.3300,2023-08-18,41466867.3100,2023-08-18
633451,sh.688506,48.843573,87.7600,3,1,45.106182,83.9900,2.297900,85.6000,85.9200,-85.360022,0,1.816400,52.383253,82.5000,2023-08-21,53826829.7500,2023-08-21
561734,sh.688506,49.741768,87.7700,3,1,45.935649,85.9200,1.838900,86.9900,87.5000,-86.929724,0,1.610800,53.346539,83.5700,2023-08-22,47963851.8800,2023-08-22
500058,sh.688506,49.667866,88.3000,3,1,45.867402,87.5000,-0.148600,87.5000,87.3700,-86.800571,0,1.433900,53.267281,84.6000,2023-08-23,43483343.4100,2023-08-23
786681,sh.688506,52.299916,94.4300,3,1,48.298054,87.3700,5.299300,86.2600,92.0000,-91.400396,0,2.255800,56.090075,85.4600,2023-08-24,71048490.1800,2023-08-24
389706,sh.688506,50.975364,92.0000,3,1,47.074853,92.0000,-2.532600,91.2600,89.6700,-89.085581,0,1.117500,54.669533,88.5900,2023-08-25,34998031.2100,2023-08-25
712984,sh.688506,50.702494,102.8600,3,1,46.822863,89.6700,-0.535300,102.8600,89.1900,-88.608710,0,2.044500,54.376889,84.1100,2023-08-28,64167520.8900,2023-08-28
557977,sh.688506,53.152632,93.9500,3,1,49.085522,89.1900,4.832400,88.4800,93.5000,-92.890619,0,1.600000,57.004587,85.8300,2023-08-29,50579042.1100,2023-08-29
722285,sh.688506,53.169686,97.3800,3,1,49.101271,93.5000,0.032100,93.4000,93.5300,-92.920424,0,2.071200,57.022877,91.2000,2023-08-30,67636820.7800,2023-08-30
286636,sh.688506,52.076934,93.5000,3,1,61.284015,93.5300,-1.475500,93.5000,92.1500,-78.122385,0,0.821900,70.353677,90.0300,2023-08-31,26281472.5500,2023-08-31
975178,sh.688506,51.427032,91.8000,3,1,60.519212,92.1500,-1.248000,91.8000,91.0000,-77.147444,0,2.796400,69.475688,86.0000,2023-09-01,85960088.3300,2023-09-01
1095545,sh.688506,49.268227,89.5800,3,1,57.978735,91.0000,-4.197800,88.2000,87.1800,-73.908947,0,3.141500,66.559236,85.0000,2023-09-04,94785011.7000,2023-09-04
486180,sh.688506,49.386905,88.8800,3,1,58.118395,87.1800,0.240900,86.5700,87.3900,-74.086980,0,1.394100,66.719564,86.5600,2023-09-05,42732910.3900,2023-09-05
768836,sh.688506,47.742370,87.9900,3,1,56.183110,87.3900,-3.329900,87.9900,84.4800,-71.619957,0,2.204700,64.497869,83.2000,2023-09-06,65204498.8400,2023-09-06
636731,sh.688506,47.957121,85.5500,3,1,56.435828,84.4800,0.449800,83.8000,84.8600,-71.942111,0,1.825900,64.787987,83.0000,2023-09-07,53835536.6400,2023-09-07
772356,sh.688506,49.279530,88.7800,3,1,57.992036,84.8600,2.757500,83.9400,87.2000,-73.925903,0,2.214800,66.574505,83.9400,2023-09-08,67194215.7100,2023-09-08
1567323,sh.688506,51.992165,94.8000,3,1,61.184258,87.2000,5.504600,90.6200,92.0000,-77.995218,0,4.494400,70.239157,87.2100,2023-09-11,144286990.2900,2023-09-11
566443,sh.688506,52.105191,93.7200,3,1,61.317267,92.0000,0.217400,93.7200,92.2000,-78.164773,0,1.624300,70.391850,90.5000,2023-09-12,52332677.2200,2023-09-12
849999,sh.688506,53.467160,95.4400,3,1,62.920029,92.2000,2.613900,93.9800,94.6100,-80.207909,0,2.437400,72.231811,90.9000,2023-09-13,79247644.1900,2023-09-13
516966,sh.688506,52.608159,96.0600,3,1,61.909159,94.6100,-1.606600,95.0000,93.0900,-78.919292,0,1.482400,71.071338,92.6200,2023-09-14,48586436.3800,2023-09-14
684648,sh.688506,53.772331,99.0000,3,1,63.279154,93.0900,2.212900,93.0000,95.1500,-80.665707,0,1.963300,72.644084,92.0100,2023-09-15,65543492.0200,2023-09-15
595220,sh.688506,53.975779,98.8000,3,1,63.518571,95.1500,0.378300,95.2800,95.5100,-80.970906,0,1.706800,72.918933,93.5000,2023-09-18,56824403.7900,2023-09-18
483051,sh.688506,54.286601,96.9700,3,1,63.884346,95.5100,0.575900,96.5000,96.0600,-81.437181,0,1.385200,73.338841,93.6100,2023-09-19,46029092.9800,2023-09-19
520568,sh.688506,54.687845,97.7600,3,1,64.356529,96.0600,0.739100,95.1700,96.7700,-82.039101,0,1.492700,73.880904,93.1000,2023-09-20,49588644.4600,2023-09-20
467453,sh.688506,53.580186,97.6800,3,1,63.053038,96.7700,-2.025400,97.6800,94.8100,-80.377464,0,1.340400,72.384505,93.4400,2023-09-21,44113665.5600,2023-09-21
594704,sh.688506,55.727689,99.1800,3,1,65.580214,94.8100,4.008000,95.3000,98.6100,-83.599005,0,1.705300,75.285687,93.0800,2023-09-22,57596115.4700,2023-09-22
560364,sh.688506,55.558149,98.6600,3,1,65.380700,98.6100,-0.304200,98.4000,98.3100,-83.344673,0,1.606900,75.056647,95.9500,2023-09-25,54546170.1500,2023-09-25
559090,sh.688506,55.609011,99.1200,3,1,65.440554,98.3100,0.091500,99.1200,98.4000,-83.420973,0,1.603200,75.125359,96.4900,2023-09-26,54570910.8900,2023-09-26
639691,sh.688506,54.535260,98.4900,3,1,64.176966,98.4000,-1.930900,98.3100,96.5000,-81.810202,0,1.834300,73.674768,93.9300,2023-09-27,61490348.3900,2023-09-27
722723,sh.688506,54.252694,97.9000,3,1,63.844443,96.5000,-0.518100,95.8000,96.0000,-81.386315,0,2.072400,73.293033,93.9300,2023-09-28,69010701.6900,2023-09-28
826873,sh.688506,53.218502,95.9500,3,1,62.627409,96.0000,-1.906300,94.0000,94.1700,-79.834888,0,2.371100,71.895885,91.6000,2023-10-09,77337970.0400,2023-10-09
434445,sh.688506,52.269079,95.0800,3,1,61.510131,94.1700,-1.784000,95.0800,92.4900,-78.410628,0,1.245800,70.613257,91.6400,2023-10-10,40520356.5100,2023-10-10
574975,sh.688506,52.331244,95.2500,3,1,61.583286,92.4900,0.118900,93.4900,92.6000,-78.503883,0,1.648800,70.697238,92.0400,2023-10-11,53600790.8400,2023-10-11
677504,sh.688506,53.122429,98.4500,3,1,62.514351,92.6000,1.511900,93.5100,94.0000,-79.690767,0,1.942800,71.766095,92.9200,2023-10-12,64441183.6400,2023-10-12
471682,sh.688506,53.325877,96.8000,3,1,62.753767,94.0000,0.383000,93.9900,94.3600,-79.995965,0,1.352600,72.040944,93.2400,2023-10-13,44734797.8300,2023-10-13
738833,sh.688506,51.941303,95.9500,3,1,61.124404,94.3600,-2.596400,94.6100,91.9100,-77.918919,0,2.118600,70.170444,90.2900,2023-10-16,67653986.1400,2023-10-16
567429,sh.688506,51.438335,91.8500,3,1,60.532513,91.9100,-0.968300,91.8500,91.0200,-77.164400,0,1.627100,69.490957,88.5700,2023-10-17,51097767.7900,2023-10-17
309706,sh.688506,51.223585,91.9900,3,1,60.279795,91.0200,-0.417500,91.2900,90.6400,-76.842246,0,0.888100,69.200839,89.5600,2023-10-18,28130215.6500,2023-10-18
350225,sh.688506,51.116210,91.6300,3,1,60.153436,90.6400,-0.209600,90.2600,90.4500,-76.681169,0,1.004300,69.055780,88.3600,2023-10-19,31514479.3700,2023-10-19
568873,sh.688506,51.647434,93.0400,3,1,60.778580,90.4500,1.039200,90.2600,91.3900,-77.478076,0,1.631300,69.773441,89.9900,2023-10-20,52180025.5500,2023-10-20
1726456,sh.688506,48.149266,90.0100,3,1,56.661943,91.3900,-6.773200,90.0100,85.2000,-72.230354,0,4.950700,65.047567,82.0000,2023-10-23,147552887.3600,2023-10-23
1931421,sh.688506,45.916993,84.5600,3,1,54.035011,85.2000,-4.636200,84.5600,81.2500,-68.881647,0,5.538400,62.031864,79.1800,2023-10-24,156243967.7900,2023-10-24
1698605,sh.688506,45.606170,82.4000,3,1,53.669235,81.2500,-0.676900,80.9000,80.7000,-68.415371,0,4.870800,61.611956,76.3200,2023-10-25,133523040.1500,2023-10-25
1032078,sh.688506,46.340842,82.6000,3,1,54.533795,80.7000,1.610900,80.6000,82.0000,-69.517477,0,2.959500,62.604466,78.0800,2023-10-26,83951822.7500,2023-10-26
1102536,sh.688506,48.601371,86.8600,3,1,57.193980,82.0000,4.878000,80.0000,86.0000,-72.908574,0,3.161600,65.658342,79.8000,2023-10-27,93881081.3400,2023-10-27
1023695,sh.688506,57.549017,89.4700,3,1,83.006267,86.0000,0.232600,87.9400,86.2000,-62.317086,0,2.935500,122.573307,83.2100,2023-10-30,88181553.6500,2023-10-30
863109,sh.688506,59.137957,92.5600,3,1,85.298087,86.2000,2.761000,86.2000,88.5800,-64.037673,0,2.475000,125.957581,85.0800,2023-10-31,77033455.3200,2023-10-31
653319,sh.688506,59.718788,90.0500,3,1,86.135853,88.5800,0.982200,90.0500,89.4500,-64.666628,0,1.873400,127.194690,86.4200,2023-11-01,57705650.9700,2023-11-01
411287,sh.688506,59.758846,91.0000,3,1,86.193630,89.4500,0.067100,88.9900,89.5100,-64.710004,0,1.179400,127.280008,88.1500,2023-11-02,36763616.9900,2023-11-02
451975,sh.688506,59.284834,91.8700,3,1,85.509936,89.5100,-0.793200,89.0000,88.8000,-64.196719,0,1.296100,126.270413,88.3000,2023-11-03,40480011.7000,2023-11-03
984769,sh.688506,61.975351,95.0300,3,1,89.390623,88.8000,4.538300,90.4000,92.8300,-67.110151,0,2.823900,132.000929,89.9900,2023-11-06,91694946.2200,2023-11-06
480400,sh.688506,62.355895,94.5000,3,1,89.939505,92.8300,0.614000,92.0100,93.4000,-67.522225,0,1.377600,132.811448,91.3400,2023-11-07,44597926.3900,2023-11-07
569458,sh.688506,62.456039,94.8900,3,1,90.083947,93.4000,0.160600,93.0900,93.5500,-67.630665,0,1.632900,133.024743,91.4700,2023-11-08,53404508.4300,2023-11-08
560443,sh.688506,62.088847,95.0000,3,1,89.554325,93.5500,-0.587900,93.1100,93.0000,-67.233051,0,1.607100,132.242663,91.5000,2023-11-09,52094354.5800,2023-11-09
868162,sh.688506,62.422658,98.0000,3,1,90.035800,93.0000,0.537600,92.0200,93.5000,-67.594519,0,2.489500,132.953645,92.0000,2023-11-10,82542609.8500,2023-11-10
658822,sh.688506,61.087414,94.8800,3,1,88.109900,93.5000,-2.139000,94.8800,91.5000,-66.148647,0,1.889200,130.109716,90.3900,2023-11-13,60219979.2500,2023-11-13
666778,sh.688506,61.908589,94.0000,3,1,89.294328,91.5000,1.344300,91.9300,92.7300,-67.037858,0,1.912000,131.858732,90.3100,2023-11-14,61617494.6200,2023-11-14
583502,sh.688506,63.424091,95.7700,3,1,91.480224,92.7300,2.448000,94.9800,95.0000,-68.678923,0,1.673200,135.086591,93.0500,2023-11-15,55067382.2100,2023-11-15
474184,sh.688506,63.110308,96.5000,3,1,91.027638,95.0000,-0.494700,94.7100,94.5300,-68.339143,0,1.359700,134.418268,92.0000,2023-11-16,44779626.2800,2023-11-16
897330,sh.688506,66.755524,99.9900,3,1,96.285343,94.5300,5.775900,93.8800,99.9900,-72.286373,0,2.573100,142.182192,92.8000,2023-11-17,88281251.9200,2023-11-17
984017,sh.688506,66.902401,105.7000,3,1,96.497192,99.9900,0.220000,105.7000,100.2100,-72.445419,0,2.821700,142.495024,97.6300,2023-11-20,98454664.0800,2023-11-20
725589,sh.688506,68.404551,103.8000,3,1,98.663829,100.2100,2.245300,100.0000,102.4600,-74.072025,0,2.080700,145.694443,98.0800,2023-11-21,73551176.6700,2023-11-21
989713,sh.688506,71.435555,108.6500,3,1,103.035621,102.4600,4.431000,101.7400,107.0000,-77.354155,0,2.838000,152.150160,100.9900,2023-11-22,105537276.0200,2023-11-22
1110972,sh.688506,76.095556,115.0000,3,1,109.757010,107.0000,6.523400,106.0000,113.9800,-82.400248,0,3.185800,162.075470,106.0000,2023-11-23,122886154.5700,2023-11-23
1235101,sh.688506,75.341143,113.3000,3,1,108.668877,113.9800,-0.991400,112.0000,112.8500,-81.583331,0,3.541700,160.468650,107.9300,2023-11-24,136692556.3200,2023-11-24
1436945,sh.688506,71.368792,114.8600,3,1,102.939326,112.8500,-5.272500,112.7500,106.9000,-77.281861,0,4.120500,152.007964,106.1000,2023-11-27,156987731.6500,2023-11-27
1147703,sh.688506,73.171372,110.4900,3,1,105.539290,106.9000,2.525700,106.6600,109.6000,-79.233789,0,3.291100,155.847267,106.0400,2023-11-28,124820703.4400,2023-11-28
1111467,sh.688506,74.106043,111.6900,3,1,106.887420,109.6000,1.277400,110.5000,111.0000,-80.245899,0,3.187200,157.838017,107.0200,2023-11-29,122171896.7800,2023-11-29
692509,sh.688506,73.191400,112.1700,3,1,105.568179,111.0000,-1.234200,108.0500,109.6300,-79.255477,0,1.985800,155.889926,107.0900,2023-11-30,76266755.9100,2023-11-30
633371,sh.688506,74.246243,112.8500,3,1,107.089639,109.6300,1.441200,109.6300,111.2100,-80.397716,0,1.816200,158.136629,108.6400,2023-12-01,70257535.0700,2023-12-01
999209,sh.688506,74.840427,115.6800,3,1,107.946665,111.2100,0.800300,111.0000,112.1000,-81.041129,0,2.865300,159.402177,109.4400,2023-12-04,112609830.0000,2023-12-04
1602338,sh.688506,80.107964,122.8000,3,1,115.544338,112.1000,7.038400,111.9500,119.9900,-86.745094,0,4.594800,170.621474,111.9500,2023-12-05,189504197.3800,2023-12-05
2231699,sh.688506,77.764611,126.7500,3,1,112.164385,119.9900,-2.925200,121.0000,116.4800,-84.207588,0,6.399500,165.630380,114.8000,2023-12-06,266659931.7300,2023-12-06
1881513,sh.688506,74.539997,117.9700,3,1,107.513337,116.4800,-4.146600,116.4700,111.6500,-80.715807,0,5.395300,158.762293,110.5300,2023-12-07,213093086.5100,2023-12-07
3360137,sh.688506,71.368792,110.8700,3,1,102.939326,111.6500,-4.254400,110.0000,106.9000,-77.281861,0,9.635300,152.007964,104.7000,2023-12-08,362780803.7600,2023-12-08
2185745,sh.688506,,110.9800,3,1,,106.9000,2.207700,105.9900,109.2600,,0,6.267700,,105.9900,2023-12-11,235852510.5800,2023-12-11
592089,sh.688506,87.531921,131.1100,3,1,126.252339,109.2600,19.998200,131.1100,131.1100,-94.784143,0,1.697800,186.433715,131.1100,2023-12-12,77628788.7900,2023-12-12
5950052,sh.688506,102.146167,157.3300,3,1,147.331309,131.1100,16.695900,157.3300,153.0000,-110.609212,0,17.062000,217.560509,143.5100,2023-12-13,900207192.1700,2023-12-13
3617767,sh.688506,94.802325,149.0000,3,1,136.738862,153.0000,-7.189500,147.5000,142.0000,-102.656916,0,10.374100,201.918904,136.2100,2023-12-14,510412892.4700,2023-12-14
2485587,sh.688506,90.128971,142.2800,3,1,129.998213,142.0000,-4.929600,141.7600,135.0000,-97.596364,0,7.127500,191.965155,133.6000,2023-12-15,338541521.2800,2023-12-15
1749028,sh.688506,86.123239,136.7300,3,1,124.220515,135.0000,-4.444400,132.5900,129.0000,-93.258748,0,5.015400,183.433371,128.1500,2023-12-18,230806355.5600,2023-12-18
1794025,sh.688506,85.509026,134.0000,3,1,123.334601,129.0000,-0.713200,129.5000,128.0800,-92.593646,0,5.144400,182.125164,126.2000,2023-12-19,231956873.4400,2023-12-19
1384340,sh.688506,83.766533,127.4300,3,1,120.821303,128.0800,-2.037800,127.0000,125.4700,-90.706783,0,3.969700,178.413837,122.2000,2023-12-20,172479435.6700,2023-12-20
2368200,sh.688506,84.921519,127.9300,3,1,122.487206,125.4700,1.378800,125.0000,127.2000,-91.957463,0,6.790900,180.873835,121.8800,2023-12-21,296071793.8300,2023-12-21
1780910,sh.688506,84.427479,129.0400,3,1,121.774623,127.2000,-0.581800,125.5000,126.4600,-91.422490,0,5.106800,179.821582,124.0000,2023-12-22,225578767.8200,2023-12-22
2148533,sh.688506,88.386477,134.9500,3,1,127.484915,126.4600,4.689200,126.1600,132.3900,-95.709501,0,6.161000,188.253829,125.3900,2023-12-25,283631132.7800,2023-12-25
2486308,sh.688506,96.651638,146.2100,3,1,139.406232,132.3900,9.351200,133.0000,144.7700,-104.659449,0,7.129600,205.857745,132.4900,2023-12-26,348703773.7600,2023-12-26
1272450,sh.688506,96.791838,146.4600,3,1,139.608452,144.7700,0.145100,141.0000,144.9800,-104.811265,0,3.648800,206.156357,137.2000,2023-12-27,180450331.2900,2023-12-27
1442726,sh.688506,94.468514,143.0800,3,1,136.257387,144.9800,-2.400300,143.0800,141.5000,-102.295448,0,4.137100,201.207922,137.5100,2023-12-28,201052126.6900,2023-12-28
1222794,sh.688506,93.400319,143.0900,3,1,134.716667,141.5000,-1.130700,140.4800,139.9000,-101.138750,0,3.506400,198.932779,137.8000,2023-12-29,171312595.1500,2023-12-29
1396590,sh.688506,94.802325,144.5000,3,1,136.738862,139.9000,1.501100,141.5000,142.0000,-102.656916,0,4.004800,201.918904,138.1800,2024-01-02,198701907.1600,2024-01-02
1208983,sh.688506,92.792783,142.0000,3,1,133.840383,142.0000,-2.119700,142.0000,138.9900,-100.480878,0,3.466800,197.638792,135.0000,2024-01-03,166515863.3700,2024-01-03
800977,sh.688506,91.344043,138.7500,3,1,131.750782,138.9900,-1.561300,138.7500,136.8200,-98.912107,0,2.296800,194.553130,134.3800,2024-01-04,109443244.9000,2024-01-04
2181160,sh.688506,85.689284,138.8300,3,1,123.594598,136.8200,-6.190600,135.1000,128.3500,-92.788839,0,6.254600,182.509094,128.3500,2024-01-05,286391609.3000,2024-01-05
2525414,sh.688506,83.626332,131.4600,3,1,120.619083,128.3500,-2.407500,119.9000,125.2600,-90.554967,0,2.792000,178.115225,119.6900,2024-01-08,317168944.0900,2024-01-08
2206644,sh.688506,85.615846,131.5100,3,1,123.488673,125.2600,2.379100,125.9900,128.2400,-92.709316,0,2.439600,182.352678,123.4500,2024-01-09,283891224.6000,2024-01-09
1027165,sh.688506,85.235301,128.8000,3,1,122.939792,128.2400,-0.444500,126.7800,127.6700,-92.297243,0,1.135600,181.542158,125.9600,2024-01-10,130715990.4800,2024-01-10
674101,sh.688506,84.587708,129.3000,3,1,122.005731,127.6700,-0.759800,126.0800,126.7000,-91.595995,0,0.745300,180.162853,126.0000,2024-01-11,85943692.3400,2024-01-11
460386,sh.688506,83.986848,128.7700,3,1,121.139076,126.7000,-0.710300,126.6200,125.8000,-90.945352,0,0.509000,178.883085,125.0500,2024-01-12,58328054.1800,2024-01-12
1256205,sh.688506,85.789428,129.8800,3,1,123.739040,125.8000,2.146300,126.1700,128.5000,-92.897280,0,1.388800,182.722389,124.3400,2024-01-15,160927994.9600,2024-01-15
634022,sh.688506,84.434155,129.1200,3,1,121.784252,128.5000,-1.579800,128.5000,126.4700,-91.429719,0,0.701000,179.835801,124.7700,2024-01-16,80119226.1900,2024-01-16
409562,sh.688506,81.376446,127.5000,3,1,117.373943,126.4700,-3.621400,124.2100,121.8900,-88.118672,0,0.452800,173.323206,120.8800,2024-01-17,50675739.0800,2024-01-17
1281449,sh.688506,79.894325,121.7400,3,1,115.236194,121.8900,-1.821300,120.7000,119.6700,-86.513754,0,1.416700,170.166445,115.0900,2024-01-18,150374004.2800,2024-01-18
616495,sh.688506,78.525700,123.1600,3,1,113.262147,119.6700,-1.713000,119.5000,117.6200,-85.031736,0,0.681600,167.251419,117.2800,2024-01-19,74152815.9700,2024-01-19
982577,sh.688506,75.027361,122.5200,3,1,108.216291,117.6200,-4.455000,118.6000,112.3800,-81.243551,0,1.086300,159.800327,110.9600,2024-01-22,114025175.7700,2024-01-22
1185585,sh.688506,78.211918,118.5000,3,1,112.809561,112.3800,4.244500,113.3800,117.1500,-84.691956,0,1.310700,166.583096,112.0500,2024-01-23,137039934.9200,2024-01-23
632031,sh.688506,77.818021,119.0100,3,1,112.241420,117.1500,-0.503600,119.0100,116.5600,-84.265423,0,0.698800,165.744137,114.1000,2024-01-24,73583029.2100,2024-01-24
970954,sh.688506,78.105098,119.3500,3,1,112.655489,116.5600,0.368900,115.2500,116.9900,-84.576286,0,1.073500,166.355582,113.8100,2024-01-25,112925294.0300,2024-01-25
955348,sh.688506,77.203809,121.6000,3,1,111.355507,116.9900,-1.153900,115.9700,115.6400,-83.600322,0,1.056200,164.435930,114.9600,2024-01-26,113116833.2000,2024-01-26
786031,sh.688506,76.309195,119.8000,3,1,110.065154,115.6400,-1.158800,116.0000,114.3000,-82.631588,0,0.869000,162.530498,114.3000,2024-01-29,91600577.9100,2024-01-29
629666,sh.688506,74.459882,118.1000,3,1,107.397783,114.3000,-2.423400,118.1000,111.5300,-80.629055,0,0.696100,158.591658,110.0100,2024-01-30,71583396.0900,2024-01-30
744508,sh.688506,71.355440,114.3500,3,1,102.920067,111.5300,-4.169300,111.2800,106.8800,-77.267403,0,0.823100,151.979524,106.1900,2024-01-31,81991604.0600,2024-01-31
849123,sh.688506,71.836128,112.0000,3,1,103.613391,106.8800,0.673700,105.2900,107.6000,-77.787917,0,0.938800,153.003339,104.6600,2024-02-01,91910682.8400,2024-02-01
776363,sh.688506,70.300597,111.0200,3,1,101.398607,107.6000,-2.137500,109.7500,105.3000,-76.125164,0,0.858300,149.732821,103.0600,2024-02-02,82627487.9400,2024-02-02
1275714,sh.688506,67.970596,106.8500,3,1,98.037912,105.3000,-3.314300,106.8500,101.8100,-73.602117,0,1.410400,144.770166,96.2100,2024-02-05,129458986.3500,2024-02-05
1771173,sh.688506,79.119884,118.7900,3,1,114.119172,101.8100,16.403100,97.0000,118.5100,-85.675149,0,1.958200,168.516967,97.0000,2024-02-06,199378033.0000,2024-02-06
1750405,sh.688506,78.245299,122.0500,3,1,112.857708,118.5100,-1.105400,115.8800,117.2000,-84.728102,0,1.935200,166.654194,115.0000,2024-02-07,207300979.7400,2024-02-07
965328,sh.688506,78.272004,120.6900,3,1,112.896226,117.2000,0.034100,115.3100,117.2400,-84.757020,0,1.067200,166.711073,114.0300,2024-02-08,112761108.1200,2024-02-08
586912,sh.688506,77.651115,122.1800,3,1,112.000683,117.2400,-0.793200,122.0000,116.3100,-84.084689,0,0.648900,165.388646,114.1000,2024-02-19,68442439.4200,2024-02-19
752594,sh.688506,77.744583,119.2900,3,1,112.135496,116.3100,0.120400,117.0000,116.4500,-84.185900,0,0.832000,165.587721,114.5700,2024-02-20,87771199.4000,2024-02-20
645516,sh.688506,75.815155,116.9300,3,1,109.352571,116.4500,-2.481800,115.0000,113.5600,-82.096615,0,0.713700,161.478245,111.0100,2024-02-21,73775850.5100,2024-02-21
503311,sh.688506,75.995413,115.5000,3,1,109.612568,113.5600,0.237800,113.9500,113.8300,-82.291808,0,0.556400,161.862175,112.0000,2024-02-22,57042584.3800,2024-02-22
843762,sh.688506,77.310628,116.5000,3,1,111.509579,113.8300,1.730700,112.3600,115.8000,-83.715992,0,0.932800,164.663444,110.6400,2024-02-23,95640522.8600,2024-02-23
1177883,sh.688506,84.985887,121.0000,3,1,114.668054,115.8000,2.832500,115.8000,119.0800,-62.509596,0,1.302200,169.327487,113.9100,2024-02-26,138979474.8600,2024-02-26
750643,sh.688506,84.686139,120.0000,3,1,114.263615,119.0800,-0.352700,116.8300,118.6600,-62.289122,0,0.829900,168.730262,116.1000,2024-02-27,88448844.7900,2024-02-27
1641402,sh.688506,88.061880,128.8600,3,1,118.818367,118.6600,3.986200,121.5000,123.3900,-64.772077,0,1.814700,175.456152,121.5000,2024-02-28,205796444.5800,2024-02-28
979976,sh.688506,89.603444,127.4400,3,1,120.898339,123.3900,1.750500,122.5100,125.5500,-65.905943,0,1.083400,178.527594,119.2000,2024-02-29,121165655.5100,2024-02-29
1671771,sh.688506,85.057256,125.5900,3,1,114.764349,125.5500,-5.073700,124.9800,119.1800,-62.562089,0,1.848300,169.469683,115.0300,2024-03-01,197278465.4300,2024-03-01
1151298,sh.688506,85.000161,121.0300,3,1,114.687313,119.1800,-0.067100,116.9000,119.1000,-62.520094,0,1.272800,169.355926,114.0000,2024-03-04,135782367.6000,2024-03-04
589228,sh.688506,83.187395,118.9900,3,1,112.241420,119.1000,-2.132700,118.7900,116.5600,-61.186752,0,0.651400,165.744137,116.0200,2024-03-05,69088878.3500,2024-03-05
575968,sh.688506,82.009811,118.1000,3,1,110.652553,116.5600,-1.415600,115.3600,114.9100,-60.320605,0,0.636800,163.397896,114.1400,2024-03-06,66554321.9000,2024-03-06
1052463,sh.688506,76.971179,115.6000,3,1,103.854128,114.9100,-6.143900,114.9800,107.8500,-56.614544,0,1.163600,153.358830,107.3300,2024-03-07,116183192.4800,2024-03-07
1107920,sh.688506,80.575300,113.9800,3,1,108.717024,107.8500,4.682400,107.0000,112.9000,-59.265480,0,1.224900,160.539748,106.0300,2024-03-08,123587374.9600,2024-03-08
1216317,sh.688506,83.144574,125.7000,3,1,112.183644,112.9000,3.188700,125.6900,116.5000,-61.155256,0,1.344700,165.658819,111.0100,2024-03-11,141656911.0400,2024-03-11
868158,sh.688506,83.808303,118.8600,3,1,113.079187,116.5000,0.798300,115.5500,117.4300,-61.643448,0,0.959800,166.981246,115.0000,2024-03-12,101328258.7000,2024-03-12
1379751,sh.688506,86.641642,123.8000,3,1,116.902097,117.4300,3.380700,117.4300,121.4000,-63.727451,0,1.525400,172.626443,115.3700,2024-03-13,165123980.3100,2024-03-13
2485872,sh.688506,95.127384,145.1000,3,1,128.351569,121.4000,9.794100,135.0000,133.2900,-69.968962,0,2.748300,189.533597,130.0800,2024-03-14,339317262.9000,2024-03-14
1416230,sh.688506,99.923363,142.0000,3,1,134.822592,133.2900,5.041600,129.2600,140.0100,-73.496544,0,1.565700,199.089195,128.0600,2024-03-15,194185576.1300,2024-03-15
747629,sh.688506,99.102623,141.5700,3,1,133.715199,140.0100,-0.821400,140.0000,138.8600,-72.892866,0,0.826600,197.453937,136.7900,2024-03-18,103689156.5300,2024-03-18
673867,sh.688506,98.959885,140.8200,3,1,133.522610,138.8600,-0.144000,138.0000,138.6600,-72.787878,0,0.745000,197.169544,136.6000,2024-03-19,93284909.7500,2024-03-19
914108,sh.688506,100.130332,142.0000,3,1,135.101847,138.6600,1.182700,137.5000,140.3000,-73.648776,0,1.010600,199.501565,137.5000,2024-03-20,127839894.0100,2024-03-20
1141282,sh.688506,95.427133,140.0000,3,1,128.756008,140.3000,-4.697100,140.0000,133.7100,-70.189436,0,1.261800,190.130822,133.3800,2024-03-21,154731101.6500,2024-03-21
1558684,sh.688506,91.737369,133.0000,3,1,123.777558,133.7100,-3.866600,132.0300,128.5400,-67.475507,0,1.723200,182.779267,125.2900,2024-03-22,199732140.8400,2024-03-22
1572742,sh.688506,89.981699,131.0000,3,1,121.408702,128.5400,-1.913800,125.7100,126.0800,-66.184160,0,1.738800,179.281235,123.0400,2024-03-25,199006999.4800,2024-03-25
853803,sh.688506,90.638291,127.9700,3,1,122.294616,126.0800,0.729700,125.0100,127.0000,-66.667103,0,0.943900,180.589442,123.5000,2024-03-26,107515273.2100,2024-03-26
600455,sh.688506,89.246601,128.9800,3,1,120.416864,127.0000,-1.535400,125.3700,125.0500,-65.643474,0,0.663800,177.816612,125.0500,2024-03-27,76147771.4500,2024-03-27
672235,sh.688506,89.275148,127.9600,3,1,120.455382,125.0500,0.032000,126.9800,125.0900,-65.664472,0,0.743200,177.873491,123.5000,2024-03-28,84663924.9800,2024-03-28
340384,sh.688506,89.617718,127.0000,3,1,120.917598,125.0900,0.383700,124.0000,125.5700,-65.916442,0,0.376300,178.556034,122.8200,2024-03-29,42543410.9900,2024-03-29
923882,sh.688506,86.377578,128.4800,3,1,116.545806,125.5700,-3.615500,128.4800,121.0300,-63.533224,0,1.021400,172.100317,119.3100,2024-04-01,112239130.1800,2024-04-01
643247,sh.688506,85.314183,121.5000,3,1,115.111011,121.0300,-1.231100,120.5000,119.5400,-62.751067,0,0.711200,169.981590,118.3300,2024-04-02,76818396.9900,2024-04-02
719634,sh.688506,88.275986,124.9500,3,1,119.107252,119.5400,3.471600,120.0800,123.6900,-64.929559,0,0.795600,175.882741,120.0000,2024-04-03,88711956.7900,2024-04-03
992046,sh.688506,90.010246,130.6300,3,1,121.447220,123.6900,1.964600,123.0200,126.1200,-66.205158,0,1.096800,179.338114,123.0200,2024-04-08,126309782.4100,2024-04-08
846279,sh.688506,92.301182,129.4100,3,1,124.538289,126.1200,2.545200,124.0000,129.3300,-67.890208,0,0.935600,183.902619,122.0100,2024-04-09,107060245.1300,2024-04-09
733108,sh.688506,90.638291,130.7300,3,1,122.294616,129.3300,-1.801600,126.0200,127.0000,-66.667103,0,0.810500,180.589442,126.0000,2024-04-10,94122622.1700,2024-04-10
483155,sh.688506,91.566085,128.9600,3,1,123.546450,127.0000,1.023600,125.3400,128.3000,-67.349522,0,0.534200,182.437996,125.1000,2024-04-11,61602695.6500,2024-04-11
717403,sh.688506,93.050554,132.9900,3,1,125.549386,128.3000,1.621200,129.1200,130.3800,-68.441393,0,0.793100,185.395681,126.6800,2024-04-12,93787182.7800,2024-04-12
879445,sh.688506,89.218053,131.0800,3,1,120.378346,130.3800,-4.118700,130.3800,125.0100,-65.622477,0,0.972300,177.759734,123.5100,2024-04-15,110665771.0800,2024-04-15
968486,sh.688506,84.993024,125.0100,3,1,114.677683,125.0100,-4.735600,125.0100,119.0900,-62.514845,0,1.070700,169.341706,115.8800,2024-04-16,115519553.2200,2024-04-16
702896,sh.688506,82.944742,122.6600,3,1,111.914018,119.0900,-2.409900,120.0000,116.2200,-61.008273,0,0.777100,165.260669,115.5100,2024-04-17,83143995.0400,2024-04-17
585064,sh.688506,84.985887,121.8700,3,1,114.668054,116.2200,2.460900,116.5700,119.0800,-62.509596,0,0.646800,169.327487,113.8900,2024-04-18,69614657.4200,2024-04-18
494949,sh.688506,85.050119,119.5600,3,1,114.754719,119.0800,0.075600,118.2300,119.1700,-62.556840,0,0.547200,169.455463,116.4900,2024-04-19,58567632.4500,2024-04-19
497857,sh.688506,87.291097,124.0300,3,1,117.778381,119.1700,2.634900,124.0100,122.3100,-64.205145,0,0.550400,173.920431,118.3000,2024-04-22,60780890.8200,2024-04-22
1036675,sh.688506,95.634102,134.1100,3,1,129.035264,122.3100,9.557700,122.0000,134.0000,-70.341668,0,1.146100,190.543191,120.7800,2024-04-23,133823368.4700,2024-04-23
891076,sh.688506,96.105136,139.8400,3,1,129.670811,134.0000,0.492500,133.2000,134.6600,-70.688127,0,0.985100,191.481687,130.4800,2024-04-24,120876977.3200,2024-04-24
891493,sh.688506,98.924201,139.1900,3,1,133.474462,134.6600,2.933300,130.3200,138.6100,-72.761631,0,0.985600,197.098446,130.3200,2024-04-25,122408242.2400,2024-04-25
883500,sh.688506,103.084998,144.8000,3,1,139.088459,138.6100,4.206000,136.8900,144.4400,-75.822019,0,0.976800,205.388497,136.8900,2024-04-26,126243811.9600,2024-04-26
2812781,sh.688506,10.397811,171.8800,3,1,11.900306,144.4400,5.926300,171.8800,153.0000,13.970897,0,3.109700,12.063016,145.4500,2024-04-29,429923535.1500,2024-04-29
1751120,sh.688506,10.510624,159.1000,3,1,12.029420,153.0000,1.085000,149.9400,154.6600,14.122476,0,1.936000,12.193896,147.0000,2024-04-30,268105670.0100,2024-04-30
2923395,sh.688506,12.154566,182.8600,3,1,13.910913,154.6600,15.640800,159.2900,178.8500,16.331339,0,3.232000,14.101114,154.6800,2024-05-06,502978970.9900,2024-05-06
2595372,sh.688506,11.856903,181.5900,3,1,13.570238,178.8500,-2.449000,180.5000,174.4700,15.931388,0,2.869400,13.755780,168.8000,2024-05-07,451869625.3700,2024-05-07
2706225,sh.688506,12.571837,188.0000,3,1,14.388481,174.4700,6.029700,173.0000,184.9900,16.892001,0,2.991900,14.585211,172.0600,2024-05-08,493127843.3400,2024-05-08
1732841,sh.688506,12.437957,184.7100,3,1,14.235255,184.9900,-1.064900,184.0000,183.0200,16.712114,0,1.915800,14.429890,178.0000,2024-05-09,314115525.7100,2024-05-09
2152125,sh.688506,13.191628,199.5100,3,1,15.097833,183.0200,6.059400,181.0000,194.1100,17.724776,0,2.379300,15.304262,180.8900,2024-05-10,415639034.5800,2024-05-10
2559222,sh.688506,12.651350,205.4400,3,1,14.479483,194.1100,-4.095600,191.0000,186.1600,16.998837,0,2.829400,14.677458,184.9100,2024-05-13,492572912.5200,2024-05-13
1768163,sh.688506,12.867461,193.0200,3,1,14.726823,186.1600,1.708200,185.5000,189.3400,17.289213,0,1.954800,14.928179,185.5000,2024-05-14,335023218.1100,2024-05-14
1989379,sh.688506,13.189590,200.3000,3,1,15.095499,189.3400,2.503400,189.0000,194.0800,17.722037,0,2.199400,15.301896,186.0000,2024-05-15,387142356.2900,2024-05-15
1438623,sh.688506,12.879014,193.9300,3,1,14.740046,194.0800,-2.354700,193.5000,189.5100,17.304736,0,1.590500,14.941583,186.9800,2024-05-16,272752746.6200,2024-05-16
926459,sh.688506,12.996584,194.6000,3,1,14.874605,189.5100,0.912900,189.4700,191.2400,17.462707,0,1.024300,15.077982,189.0100,2024-05-17,177336742.2200,2024-05-17
2682292,sh.688506,12.234078,190.9900,3,1,14.001915,191.2400,-5.867000,187.1200,180.0200,16.438175,0,2.965500,14.193360,176.0000,2024-05-20,483910465.5800,2024-05-20
1399961,sh.688506,12.564362,185.3100,3,1,14.379925,180.0200,2.699700,181.0000,184.8800,16.881957,0,1.547800,14.576539,178.0700,2024-05-21,255819247.9900,2024-05-21
1248413,sh.688506,12.470578,187.6700,3,1,14.272589,184.8800,-0.746400,184.9000,183.5000,16.755944,0,1.380200,14.467735,181.9900,2024-05-22,229928432.1700,2024-05-22
1028309,sh.688506,12.368638,186.3400,3,1,14.155919,183.5000,-0.817400,182.0000,182.0000,16.618975,0,1.136900,14.349470,178.5200,2024-05-23,187107887.2600,2024-05-23
685772,sh.688506,12.206895,184.8000,3,1,13.970804,182.0000,-1.307700,181.2000,179.6200,16.401650,0,0.758200,14.161823,179.2600,2024-05-24,124568165.6100,2024-05-24
1219687,sh.688506,12.218448,181.1300,3,1,13.984026,179.6200,0.094600,178.5000,179.7900,16.417173,0,1.348500,14.175226,175.0000,2024-05-27,216795300.7500,2024-05-27
863141,sh.688506,12.105635,180.4500,3,1,13.854912,179.7900,-0.923300,178.8000,178.1300,16.265593,0,0.954300,14.044347,174.1100,2024-05-28,152682494.8900,2024-05-28
1188179,sh.688506,11.953405,180.9800,3,1,13.680685,178.1300,-1.257500,178.1200,175.8900,16.061052,0,1.313600,13.867738,174.6200,2024-05-29,210850301.8600,2024-05-29
919288,sh.688506,11.749527,178.5000,3,1,13.447346,175.8900,-1.705600,175.8900,172.8900,15.787113,0,1.016300,13.631208,172.1800,2024-05-30,160421712.2600,2024-05-30
1365566,sh.688506,11.959522,180.8900,3,1,13.687685,172.8900,1.787300,173.9000,175.9800,16.069270,0,1.509700,13.874834,173.3100,2024-05-31,241945036.7600,2024-05-31
2488574,sh.688506,12.501839,187.0000,3,1,14.308368,175.9800,4.534600,177.5000,183.9600,16.797948,0,2.751300,14.504003,176.0000,2024-06-03,454792432.7900,2024-06-03
2197536,sh.688506,13.116193,194.5800,3,1,15.011497,183.9600,4.914100,183.5000,193.0000,17.623418,0,2.429500,15.216746,182.0100,2024-06-04,414568937.2200,2024-06-04
1712058,sh.688506,13.882777,209.1000,3,1,15.888853,193.0000,5.844600,192.1100,204.2800,18.653430,0,1.892800,16.106097,189.8900,2024-06-05,340045793.6300,2024-06-05
1308230,sh.688506,14.066947,207.0000,3,1,16.099636,204.2800,1.326600,202.5000,206.9900,18.900888,0,1.446300,16.319763,200.3200,2024-06-06,267673290.3200,2024-06-06
1310520,sh.688506,14.064229,208.8800,3,1,16.096525,206.9900,-0.019300,203.2000,206.9500,18.897235,0,1.448900,16.316609,199.0000,2024-06-07,268934817.3900,2024-06-07
2029047,sh.688506,13.973843,215.7100,3,1,15.993078,206.9500,-0.642700,206.9000,205.6200,18.775789,0,2.243300,16.211747,196.6200,2024-06-11,415677377.4700,2024-06-11
1965230,sh.688506,13.875301,206.6200,3,1,15.880297,205.6200,-0.705200,206.0000,204.1700,18.643385,0,2.172700,16.097425,199.1000,2024-06-12,397492460.3100,2024-06-12
1908952,sh.688506,14.123354,212.8800,3,1,16.164193,204.1700,1.787700,206.9900,207.8200,18.976678,0,2.110500,16.385203,204.0200,2024-06-13,397691818.0400,2024-06-13
4379382,sh.688506,13.383954,214.1400,3,1,15.317949,207.8200,-5.235300,209.1800,196.9400,17.983192,0,4.841700,15.527388,193.0000,2024-06-14,894493322.9600,2024-06-14
2053113,sh.688506,13.720354,204.3000,3,1,15.702959,196.9400,2.513500,196.1300,201.8900,18.435191,0,2.269900,15.917662,195.1900,2024-06-17,411519638.7700,2024-06-17
1835511,sh.688506,13.369682,203.9200,3,1,15.301616,201.8900,-2.555800,203.9100,196.7300,17.964016,0,2.029300,15.510831,190.1000,2024-06-18,357911059.7900,2024-06-18
1152972,sh.688506,13.445118,199.9900,3,1,15.387951,196.7300,0.564200,196.7000,197.8400,18.065374,0,1.274700,15.598347,195.8800,2024-06-19,228354351.9000,2024-06-19
1017159,sh.688506,13.252112,201.8500,3,1,15.167057,197.8400,-1.435500,197.8400,195.0000,17.806045,0,1.124500,15.374432,194.6000,2024-06-20,200336420.6400,2024-06-20
827862,sh.688506,13.163765,196.3000,3,1,15.065943,195.0000,-0.666700,192.7400,193.7000,17.687338,0,0.915300,15.271936,191.2800,2024-06-21,160227551.0100,2024-06-21
851653,sh.688506,13.120950,198.8600,3,1,15.016942,193.7000,-0.325200,189.0000,193.0700,17.629810,0,0.941600,15.222265,188.8400,2024-06-24,166589039.6600,2024-06-24
922030,sh.688506,12.739018,195.1500,3,1,14.579819,193.0700,-2.910900,192.3600,187.4500,17.116631,0,1.019400,14.779166,186.7500,2024-06-25,174825065.1900,2024-06-25
731123,sh.688506,12.858627,190.0200,3,1,14.716712,187.4500,0.938900,186.2000,189.2100,17.277342,0,0.808300,14.917930,184.2000,2024-06-26,136901748.2700,2024-06-26
580522,sh.688506,12.584070,189.0000,3,1,14.402481,189.2100,-2.135200,186.9100,185.1700,16.908437,0,0.641800,14.599403,184.0000,2024-06-27,107770663.6900,2024-06-27
821629,sh.688506,12.327863,187.2700,3,1,14.109252,185.1700,-2.036000,184.5200,181.4000,16.564187,0,0.908400,14.302164,180.0000,2024-06-28,150405884.7700,2024-06-28
596162,sh.688506,12.610574,186.8600,3,1,14.432815,181.4000,2.293300,180.0100,185.5600,16.944049,0,0.659100,14.630152,179.1200,2024-07-01,109472269.0000,2024-07-01
1249327,sh.688506,12.205535,188.7500,3,1,13.969248,185.5600,-3.211900,185.5600,179.6000,16.399824,0,1.381200,14.160246,176.7200,2024-07-02,225851254.8900,2024-07-02
583576,sh.688506,11.879329,180.5200,3,1,13.595905,179.6000,-2.672600,176.5600,174.8000,15.961521,0,0.645200,13.781799,174.0100,2024-07-03,102898291.9000,2024-07-03
646119,sh.688506,11.921464,180.0000,3,1,13.644128,174.8000,0.354700,175.0100,175.4200,16.018135,0,0.714300,13.830682,173.3300,2024-07-04,113917847.2500,2024-07-04
1349600,sh.688506,12.560284,185.4100,3,1,14.375258,175.4200,5.358600,175.4200,184.8200,16.876478,0,1.492100,14.571808,172.5500,2024-07-05,243256230.8100,2024-07-05
1474470,sh.688506,11.718265,185.0000,3,1,13.411567,184.8200,-6.703800,184.5200,172.4300,15.745109,0,1.630100,13.594940,171.0000,2024-07-08,260005962.3400,2024-07-08
1298407,sh.688506,11.596618,172.8000,3,1,13.272341,172.4300,-1.038100,169.8000,170.6400,15.581659,0,1.435500,13.453811,166.4700,2024-07-09,219358758.6300,2024-07-09
712975,sh.688506,11.616326,172.5000,3,1,13.294897,170.6400,0.169900,170.0000,170.9300,15.608139,0,0.788200,13.476675,167.6300,2024-07-10,121495683.3400,2024-07-10
1851551,sh.688506,11.008088,170.9100,3,1,12.598768,170.9300,-5.236100,170.0000,161.9800,14.790888,0,2.047000,12.771028,159.3300,2024-07-11,300226973.4400,2024-07-11
1507636,sh.688506,11.689043,173.5000,3,1,13.378122,161.9800,6.185900,161.1000,172.0000,15.705844,0,1.666800,13.561038,161.1000,2024-07-12,257110098.9300,2024-07-12
917138,sh.688506,11.349925,173.9800,3,1,12.990001,172.0000,-2.901200,172.8600,167.0100,15.250192,0,1.014000,13.167610,165.5900,2024-07-15,155086837.4100,2024-07-15
780781,sh.688506,11.186142,168.2200,3,1,12.802551,167.0100,-1.443000,165.0000,164.6000,15.030128,0,0.863200,12.977598,163.8000,2024-07-16,129089628.1100,2024-07-16
617588,sh.688506,11.106629,167.0000,3,1,12.711549,164.6000,-0.710800,167.0000,163.4300,14.923292,0,0.682800,12.885351,162.2300,2024-07-17,101289540.8400,2024-07-17
1189397,sh.688506,11.273130,170.5000,3,1,12.902109,163.4300,1.499100,162.3800,165.8800,15.147009,0,1.315000,13.078517,161.2600,2024-07-18,198607101.4400,2024-07-18
944004,sh.688506,10.922459,165.9000,3,1,12.500766,165.8800,-3.110700,164.3000,160.7200,14.675833,0,1.043700,12.671686,160.1300,2024-07-19,152843059.7800,2024-07-19
1249472,sh.688506,11.209928,167.5000,3,1,12.829774,160.7200,2.631900,159.0000,164.9500,15.062087,0,1.381400,13.005193,158.4000,2024-07-22,204720088.8700,2024-07-22
830038,sh.688506,10.866732,167.0000,3,1,12.436986,164.9500,-3.061500,164.9500,159.9000,14.600957,0,0.917700,12.607034,159.8800,2024-07-23,134420889.2300,2024-07-23
870980,sh.688506,10.949643,163.9600,3,1,12.531878,159.9000,0.763000,160.0200,161.1200,14.712358,0,0.962900,12.703223,158.0800,2024-07-24,140752824.9700,2024-07-24
623719,sh.688506,10.990419,163.2200,3,1,12.578546,161.1200,0.372400,160.1500,161.7200,14.767146,0,0.689600,12.750529,157.8900,2024-07-25,100126608.1300,2024-07-25
732090,sh.688506,11.001972,163.5000,3,1,12.591768,161.7200,0.105100,160.1600,161.8900,14.782670,0,0.809400,12.763932,158.8800,2024-07-26,118093593.4500,2024-07-26
1048190,sh.688506,11.115464,166.8800,3,1,12.721660,161.8900,1.031600,162.0000,163.5600,14.935162,0,1.158800,12.895601,159.0800,2024-07-29,171918552.0700,2024-07-29
968517,sh.688506,10.840228,164.5100,3,1,12.406652,163.5600,-2.476200,163.0000,159.5100,14.565344,0,1.070800,12.576286,156.1500,2024-07-30,154353095.5700,2024-07-30
1354762,sh.688506,11.661859,173.4200,3,1,13.347010,159.5100,7.579500,158.8200,171.6000,15.669319,0,1.497800,13.529500,158.3400,2024-07-31,228037993.9600,2024-07-31
720196,sh.688506,11.695159,175.8400,3,1,13.385122,171.6000,0.285500,172.5100,172.0900,15.714063,0,0.796200,13.568134,170.1800,2024-08-01,124815902.1200,2024-08-01
1269024,sh.688506,12.115149,185.0900,3,1,13.865801,172.0900,3.591100,172.1200,178.2700,16.278377,0,1.403000,14.055385,169.6200,2024-08-02,228410153.9600,2024-08-02
1347022,sh.688506,12.156604,185.5900,3,1,13.913247,178.2700,0.342200,179.0500,178.8800,16.334078,0,1.489200,14.103479,175.2700,2024-08-05,242913392.2500,2024-08-05
942136,sh.688506,11.976512,180.0000,3,1,13.707130,178.8800,-1.481400,178.8800,176.2300,16.092099,0,1.041600,13.894545,171.7700,2024-08-06,164241149.6900,2024-08-06
745191,sh.688506,11.952046,177.8800,3,1,13.679129,176.2300,-0.204300,174.2300,175.8700,16.059226,0,0.823900,13.866161,172.1100,2024-08-07,130336581.8500,2024-08-07
621144,sh.688506,11.689043,177.7000,3,1,13.378122,175.8700,-2.200500,174.8100,172.0000,15.705844,0,0.686700,13.561038,171.5300,2024-08-08,108207547.5800,2024-08-08
692165,sh.688506,11.512348,173.8800,3,1,13.175894,172.0000,-1.511600,172.0000,169.4000,15.468431,0,0.765200,13.356045,167.6700,2024-08-09,117492371.7700,2024-08-09
414345,sh.688506,11.757002,174.0000,3,1,13.455901,169.4000,2.125100,170.0000,173.0000,15.797157,0,0.458100,13.639881,168.4100,2024-08-12,71524893.1500,2024-08-12
326854,sh.688506,11.715547,173.9700,3,1,13.408456,173.0000,-0.352600,173.6600,172.3900,15.741457,0,0.361400,13.591786,169.5900,2024-08-13,56094355.0200,2024-08-13
389475,sh.688506,11.767196,174.9900,3,1,13.467568,172.3900,0.440900,171.7200,173.1500,15.810854,0,0.430600,13.651707,169.1300,2024-08-14,67338753.5000,2024-08-14
590610,sh.688506,12.172915,180.5000,3,1,13.931914,173.1500,3.447900,175.0000,179.1200,16.355993,0,0.653000,14.122402,171.4200,2024-08-15,104848647.9000,2024-08-15
699652,sh.688506,12.638438,186.5100,3,1,14.464705,179.1200,3.824300,177.1400,185.9700,16.981488,0,0.773500,14.662478,177.1400,2024-08-16,128335133.2100,2024-08-16
541840,sh.688506,12.310873,186.5000,3,1,14.089807,185.9700,-2.591800,185.7700,181.1500,16.541359,0,0.599000,14.282453,180.6100,2024-08-19,98770642.6100,2024-08-19
497798,sh.688506,11.994861,179.5000,3,1,13.728131,181.1500,-2.566900,178.9100,176.5000,16.116753,0,0.550400,13.915832,174.0200,2024-08-20,87742131.5300,2024-08-20
506965,sh.688506,12.091363,181.5000,3,1,13.838578,176.5000,0.804500,174.0500,177.9200,16.246418,0,0.560500,14.027790,174.0200,2024-08-21,90481947.8900,2024-08-21
578154,sh.688506,12.407375,183.9100,3,1,14.200254,177.9200,2.613500,177.5800,182.5700,16.671023,0,0.639200,14.394411,177.5800,2024-08-22,104800070.1900,2024-08-22
448963,sh.688506,12.231360,183.9000,3,1,13.998804,182.5700,-1.418600,183.0000,179.9800,16.434523,0,0.496400,14.190207,176.5700,2024-08-23,80542828.4500,2024-08-23
1013643,sh.688506,11.947318,176.6000,3,1,14.359702,179.9800,-3.928200,176.5800,172.9100,16.453316,0,1.120700,19.134609,165.0300,2024-08-26,172639844.4900,2024-08-26
890017,sh.688506,11.884441,173.0100,3,1,14.284129,172.9100,-0.526300,171.9400,172.0000,16.366725,0,0.984000,19.033907,168.1800,2024-08-27,152008024.6100,2024-08-27
462310,sh.688506,11.728285,173.5100,3,1,14.096443,172.0000,-1.314000,172.8800,169.7400,16.151674,0,0.511100,18.783810,167.0800,2024-08-28,78580977.2200,2024-08-28
627810,sh.688506,11.527217,170.7000,3,1,13.854775,169.7400,-1.714400,169.5400,166.8300,15.874772,0,0.694100,18.461783,164.0000,2024-08-29,104678995.3300,2024-08-29
657205,sh.688506,11.697192,171.5000,3,1,14.059071,166.8300,1.474600,166.8300,169.2900,16.108854,0,0.726600,18.734012,165.0300,2024-08-30,110661629.2900,2024-08-30
670643,sh.688506,11.305420,168.4800,3,1,13.588193,169.2900,-3.349300,168.1700,163.6200,15.569323,0,0.741400,18.106557,163.3600,2024-09-02,110473946.9900,2024-09-02
923630,sh.688506,11.142354,168.9800,3,1,13.392202,163.6200,-1.442400,162.8100,161.2600,15.344756,0,1.021100,17.845394,160.6600,2024-09-03,152470348.5800,2024-09-03
923043,sh.688506,10.894301,163.8800,3,1,13.094062,161.2600,-2.226200,161.9700,157.6700,15.003148,0,1.020500,17.448117,157.0000,2024-09-04,146827980.3400,2024-09-04
1513417,sh.688506,10.894301,158.8500,3,1,13.094062,157.6700,0.000000,157.4000,157.6700,15.003148,0,1.673200,17.448117,149.1900,2024-09-05,234227480.4000,2024-09-05
824751,sh.688506,10.816223,159.9200,3,1,13.000219,157.6700,-0.716700,155.9800,156.5400,14.895623,0,0.911800,17.323068,155.0900,2024-09-06,129808689.9000,2024-09-06
867599,sh.688506,10.692542,162.9900,3,1,12.851564,156.5400,-1.143500,157.1300,154.7500,14.725295,0,0.959200,17.124983,154.0100,2024-09-09,137296661.8500,2024-09-09
959368,sh.688506,10.500456,157.6400,3,1,12.620693,154.7500,-1.796400,155.9000,151.9700,14.460763,0,1.060600,16.817342,149.3300,2024-09-10,145365237.6200,2024-09-10
1552704,sh.688506,11.165847,162.0000,3,1,13.420438,151.9700,6.336800,151.1000,161.6000,15.377109,0,1.716600,17.883019,150.0200,2024-09-11,244045994.1000,2024-09-11
1139925,sh.688506,11.187958,168.5000,3,1,13.447013,161.6000,0.198000,160.0600,161.9200,15.407559,0,1.260300,17.918431,160.0600,2024-09-12,187333792.8700,2024-09-12
1254493,sh.688506,11.508561,167.6100,3,1,13.832352,161.9200,2.865600,163.2600,166.5600,15.849080,0,1.386900,18.431904,160.9100,2024-09-13,207290337.6600,2024-09-13
714979,sh.688506,11.368297,167.2600,3,1,13.663766,166.5600,-1.218800,165.0000,164.5300,15.655914,0,0.790500,18.207260,163.0000,2024-09-18,117746478.1500,2024-09-18
694444,sh.688506,11.235633,166.3100,3,1,13.504316,164.5300,-1.167000,164.5300,162.6100,15.473216,0,0.767800,17.994788,160.7600,2024-09-19,113225629.0700,2024-09-19
948039,sh.688506,10.916412,163.2900,3,1,13.120637,162.6100,-2.841200,162.0800,157.9900,15.033598,0,1.048100,17.483529,153.7700,2024-09-20,148781912.9300,2024-09-20
1004892,sh.688506,10.671813,158.9600,3,1,12.826650,157.9900,-2.240600,158.9600,154.4500,14.696748,0,1.111000,17.091784,152.9000,2024-09-23,155534785.0300,2024-09-23
2993339,sh.688506,10.069300,153.0000,3,1,12.102478,154.4500,-5.645800,151.3700,145.7300,13.866993,0,3.309300,16.126809,134.5500,2024-09-24,425082312.0400,2024-09-24
1768037,sh.688506,9.985694,149.4600,3,1,12.001991,145.7300,-0.830300,145.0000,144.5200,13.751855,0,1.954700,15.992908,142.0000,2024-09-25,258943339.6600,2024-09-25
1355412,sh.688506,10.429288,150.9900,3,1,12.535154,144.5200,4.442300,144.0000,150.9400,14.362753,0,1.498500,16.703360,142.3000,2024-09-26,197065774.7400,2024-09-26
570938,sh.688506,11.269490,163.8800,3,1,13.545009,150.9400,8.056200,155.8800,163.1000,15.519842,0,0.631200,18.049013,152.0200,2024-09-27,89341808.5200,2024-09-27
2791773,sh.688506,13.523388,195.7200,3,1,16.254010,163.1000,20.000000,176.0000,195.7200,18.623810,0,3.086500,21.658815,171.0000,2024-09-30,515987423.8600,2024-09-30
4119936,sh.688506,15.408316,234.8600,3,1,18.519540,195.7200,13.938300,234.8600,223.0000,21.219649,0,4.554900,24.677681,206.5800,2024-10-08,901643216.1000,2024-10-08
3192565,sh.688506,14.118992,238.8000,3,1,16.969878,223.0000,-8.367700,210.1800,204.3400,19.444050,0,3.529600,22.612724,201.0000,2024-10-09,687182455.3300,2024-10-09
2157630,sh.688506,13.792170,215.8700,3,1,16.577064,204.3400,-2.314800,208.9900,199.6100,18.993965,0,2.385400,22.089291,197.2200,2024-10-10,440830967.3600,2024-10-10
1262647,sh.688506,13.059066,206.9700,3,1,15.695933,199.6100,-5.315400,205.9900,189.0000,17.984366,0,1.395900,20.915165,187.7300,2024-10-11,245622452.0500,2024-10-11
1865245,sh.688506,13.888213,202.8000,3,1,16.692500,189.0000,6.349200,190.8800,201.0000,19.126231,0,2.062200,22.243112,186.0000,2024-10-14,366172208.1500,2024-10-14
1197062,sh.688506,13.349958,204.8700,3,1,16.045562,201.0000,-3.875600,201.0000,193.2100,18.384970,0,1.323400,21.381053,193.2100,2024-10-15,237281638.4300,2024-10-15
1082923,sh.688506,12.926403,193.1000,3,1,15.536482,193.2100,-3.172700,190.1800,187.0800,17.801668,0,1.197200,20.702693,186.5800,2024-10-16,204447031.6600,2024-10-16
1145865,sh.688506,13.006553,192.8800,3,1,15.632817,187.0800,0.620100,186.8900,188.2400,17.912048,0,1.266800,20.831062,185.6600,2024-10-17,217141093.6400,2024-10-17
2059595,sh.688506,13.435637,203.9800,3,1,16.148540,188.2400,3.299000,186.8500,194.4500,18.502963,0,2.277000,21.518274,186.2800,2024-10-18,401315032.3500,2024-10-18
2072925,sh.688506,13.640851,203.4500,3,1,16.395191,194.4500,1.527400,195.0000,197.4200,18.785574,0,2.291800,21.846941,191.8800,2024-10-21,410025249.8900,2024-10-21
1551246,sh.688506,13.528916,204.8800,3,1,16.260654,197.4200,-0.820600,198.0000,195.8000,18.631423,0,1.715000,21.667668,193.2200,2024-10-22,309363481.8500,2024-10-22
1117920,sh.688506,13.513024,200.9800,3,1,16.241553,195.8000,-0.117500,194.8100,195.5700,18.609537,0,1.235900,21.642216,194.2400,2024-10-23,220357719.7500,2024-10-23
1173899,sh.688506,13.320247,200.7000,3,1,16.009852,195.5700,-1.426600,194.0400,192.7800,18.344054,0,1.297800,21.333468,192.0000,2024-10-24,230353823.0700,2024-10-24
1340209,sh.688506,13.005171,195.9900,3,1,15.631156,192.7800,-2.365400,194.9900,188.2200,17.910145,0,1.481700,20.828848,186.4000,2024-10-25,252994141.8900,2024-10-25
1004527,sh.688506,12.832432,189.6000,3,1,15.423538,188.2200,-1.328200,185.6900,185.7200,17.672257,0,1.110600,20.552193,183.3700,2024-10-28,187839652.7200,2024-10-28
1040052,sh.688506,12.544257,186.9000,3,1,17.290110,185.7200,-1.518400,185.7000,182.9000,19.300893,0,1.149900,16.150317,180.5900,2024-10-29,190323112.3300,2024-10-29
1239047,sh.688506,12.272659,185.0000,3,1,16.915759,182.9000,-2.165100,183.4600,178.9400,18.883006,0,1.369900,15.800643,175.5000,2024-10-30,221878697.4800,2024-10-30
1321665,sh.688506,12.448238,182.7900,3,1,17.157764,178.9400,1.430600,178.4200,181.5000,19.153155,0,1.461200,16.026695,175.0200,2024-10-31,238838427.2900,2024-10-31
1630381,sh.688506,12.778133,189.8500,3,1,17.612468,181.5000,2.650100,181.6000,186.3100,19.660740,0,1.802500,16.451424,180.3100,2024-11-01,303842035.1500,2024-11-01
1120844,sh.688506,13.077851,195.2800,3,1,18.025578,186.3100,2.345600,190.0000,190.6800,20.121893,0,1.239200,16.837301,187.0100,2024-11-04,213250677.7300,2024-11-04
1293813,sh.688506,12.943424,190.4200,3,1,17.840293,190.6800,-1.027900,189.2500,188.7200,19.915060,0,1.430400,16.664231,183.4600,2024-11-05,242049415.8100,2024-11-05
1464797,sh.688506,13.037386,195.8000,3,1,17.969803,188.7200,0.725900,188.8800,190.0900,20.059633,0,1.619400,16.785203,185.1200,2024-11-06,279261984.6300,2024-11-06
1524930,sh.688506,13.180729,196.6200,3,1,18.167378,190.0900,1.099500,187.0900,192.1800,20.280184,0,1.685900,16.969753,185.6000,2024-11-07,293698769.9300,2024-11-07
1634099,sh.688506,13.563435,202.9900,3,1,18.694873,192.1800,2.903500,199.0000,197.7600,20.869025,0,1.806600,17.462475,193.0200,2024-11-08,325248076.7000,2024-11-08
1954121,sh.688506,13.236969,198.2700,3,1,18.244895,197.7600,-2.407000,198.2000,193.0000,20.366716,0,2.160400,17.042160,186.0100,2024-11-11,372384617.1900,2024-11-11
1705585,sh.688506,13.296638,202.7700,3,1,18.327139,193.0000,0.450800,193.0000,193.8700,20.458525,0,1.885600,17.118983,190.5000,2024-11-12,334953668.0300,2024-11-12
1162715,sh.688506,13.053161,197.8800,3,1,17.991546,193.8700,-1.831100,193.9100,190.3200,20.083904,0,1.285500,16.805513,188.0600,2024-11-13,222866271.9300,2024-11-13
1357939,sh.688506,12.722579,189.8800,3,1,17.535896,190.3200,-2.532600,189.3300,185.5000,19.575263,0,1.501300,16.379900,182.2100,2024-11-14,252313810.1400,2024-11-14
862317,sh.688506,12.518195,186.5000,3,1,17.254188,185.5000,-1.606500,183.7000,182.5200,19.260793,0,0.953400,16.116762,181.1000,2024-11-15,158289356.0200,2024-11-15
1530248,sh.688506,12.073762,183.9000,3,1,16.641613,182.5200,-3.550300,180.8000,176.0400,18.576978,0,1.691800,15.544570,173.9700,2024-11-18,272527977.9200,2024-11-18
885180,sh.688506,12.435892,182.1700,3,1,17.140748,176.0400,2.999300,176.1500,181.3200,19.134161,0,0.978600,16.010801,174.4500,2024-11-19,158380539.1900,2024-11-19
2601804,sh.688506,13.654654,201.5000,3,1,18.820602,181.3200,9.800400,181.2900,199.0900,21.009376,0,2.876500,17.579916,181.0000,2024-11-20,507426969.2900,2024-11-20
1474512,sh.688506,13.779479,205.9000,3,1,18.992652,199.0900,0.914200,200.0000,200.9100,21.201435,0,1.630200,17.740624,196.0000,2024-11-21,296171455.2200,2024-11-21
1373107,sh.688506,13.396087,200.9000,3,1,18.464212,200.9100,-2.782300,198.0000,195.3200,20.611539,0,1.518100,17.247020,193.1000,2024-11-22,269060547.1700,2024-11-22
1814331,sh.688506,13.818573,203.7100,3,1,19.046536,195.3200,3.153800,193.0700,201.4800,21.261585,0,2.005900,17.790956,192.7800,2024-11-25,361039180.6400,2024-11-25
1224056,sh.688506,13.928995,209.0900,3,1,19.198734,201.4800,0.799100,203.0000,203.0900,21.431484,0,1.353300,17.933121,200.0000,2024-11-26,251238454.5100,2024-11-26
1946446,sh.688506,15.033905,219.9600,3,1,20.721663,203.0900,7.932400,203.8200,219.2000,23.131524,0,2.151900,19.355656,201.3700,2024-11-27,411897416.7400,2024-11-27
1820657,sh.688506,15.048308,225.0000,3,1,20.741515,219.2000,0.095800,221.0000,219.4100,23.153685,0,2.012900,19.374199,217.6900,2024-11-28,400639557.6400,2024-11-28
1524860,sh.688506,14.815804,222.3500,3,1,20.421048,219.4100,-1.545100,215.5100,216.0200,22.795948,0,1.685800,19.074857,214.2000,2024-11-29,332036906.4600,2024-11-29
1966948,sh.688506,16.048282,236.8700,3,1,22.119808,216.0200,8.318700,224.5500,233.9900,24.692269,0,2.174600,20.661633,219.0000,2024-12-02,449447759.6200,2024-12-02
1542799,sh.688506,16.460480,246.3100,3,1,22.687952,233.9900,2.568500,231.0000,240.0000,25.326486,0,1.705700,21.192324,228.0000,2024-12-03,365541034.1000,2024-12-03
1243982,sh.688506,16.110009,242.0800,3,1,22.204888,240.0000,-2.129200,236.0900,234.8900,24.787243,0,1.375300,20.741104,232.6800,2024-12-04,294567089.4300,2024-12-04
1807744,sh.688506,15.271896,234.6600,3,1,21.049693,234.8900,-5.202400,232.8800,222.6700,23.497703,0,1.998600,19.662061,221.1100,2024-12-05,407172737.8100,2024-12-05
1042227,sh.688506,15.273268,227.1100,3,1,21.051584,222.6700,0.009000,222.8700,222.6900,23.499814,0,1.152300,19.663827,220.5100,2024-12-06,233620110.4200,2024-12-06
1158120,sh.688506,15.200567,226.4000,3,1,20.951378,222.6900,-0.476000,222.4700,221.6300,23.387955,0,1.280400,19.570228,217.0300,2024-12-09,258056247.8200,2024-12-09
2127065,sh.688506,14.824720,234.4000,3,1,20.433337,221.6300,-2.472600,230.0000,216.1500,22.809667,0,2.351600,19.086337,216.0000,2024-12-10,471671285.2400,2024-12-10
1730720,sh.688506,14.336392,217.8200,3,1,19.760261,216.1500,-3.294000,214.8000,209.0300,22.058314,0,1.913400,18.457631,208.2500,2024-12-11,364902545.2900,2024-12-11
2268641,sh.688506,14.427611,214.7000,3,1,19.885990,209.0300,0.636300,208.0000,210.3600,22.198665,0,2.508100,18.575072,207.0000,2024-12-12,479225158.5600,2024-12-12
6392668,sh.688506,13.703349,214.7900,3,1,18.887720,210.3600,-5.020000,209.6200,199.8000,21.084300,0,7.067500,17.642610,199.1500,2024-12-13,1321092743.3400,2024-12-13
2791768,sh.688506,13.950257,205.1800,3,1,19.228039,199.8000,1.801800,201.0000,203.4000,21.464197,0,3.086500,17.960494,196.0700,2024-12-16,561665811.5500,2024-12-16
1405342,sh.688506,14.075768,208.0000,3,1,19.401035,203.4000,0.899700,204.2100,205.2300,21.657312,0,1.553700,18.122086,201.2400,2024-12-17,288717664.4400,2024-12-17
883566,sh.688506,13.942026,208.5000,3,1,19.216695,205.2300,-0.950200,202.8600,203.2800,21.451534,0,0.976800,17.949898,202.1600,2024-12-18,181630062.6000,2024-12-18
682916,sh.688506,13.682774,204.9000,3,1,18.859360,203.2800,-1.859500,202.8500,199.5000,21.052642,0,0.755000,17.616119,199.3000,2024-12-19,137519010.2700,2024-12-19
925248,sh.688506,13.485934,200.1200,3,1,18.588050,199.5000,-1.438600,199.5000,196.6300,20.749779,0,1.022900,17.362694,196.0700,2024-12-20,182914431.1100,2024-12-20
895458,sh.688506,13.097055,196.6300,3,1,18.052047,196.6300,-2.883600,196.6300,190.9600,20.151441,0,0.990000,16.862026,190.6800,2024-12-23,172969790.8300,2024-12-23
850558,sh.688506,13.139578,196.6500,3,1,18.110658,190.9600,0.324700,189.0500,191.5800,20.216868,0,0.940400,16.916773,189.0500,2024-12-24,164517924.2000,2024-12-24
1225940,sh.688506,12.780877,192.3900,3,1,17.616249,191.5800,-2.729900,192.1800,186.3500,19.664961,0,1.355400,16.454956,180.4500,2024-12-25,227438003.2400,2024-12-25
696960,sh.688506,12.627246,187.4500,3,1,17.404495,186.3500,-1.202000,186.3800,184.1100,19.428581,0,0.770500,16.257161,183.7000,2024-12-26,128920580.4900,2024-12-26
1683493,sh.688506,13.372082,196.9500,3,1,18.431125,184.1100,5.898600,184.4400,194.9700,20.574604,0,1.861200,17.216114,183.7900,2024-12-27,325580209.0500,2024-12-27
1136758,sh.688506,13.217079,201.4700,3,1,18.217480,194.9700,-1.159200,196.9700,192.7100,20.336113,0,1.256800,17.016553,188.8800,2024-12-30,220650979.8900,2024-12-30
750140,sh.688506,13.149866,197.4000,3,1,18.124838,192.7100,-0.508500,192.9700,191.7300,20.232697,0,0.829300,16.930018,191.0100,2024-12-31,145474037.3600,2024-12-31
1106387,sh.688506,13.202677,196.2700,3,1,18.197628,191.7300,0.401600,193.2500,192.5000,20.313953,0,1.223200,16.998010,188.1700,2025-01-02,212485437.9700,2025-01-02
940472,sh.688506,13.069621,193.8800,3,1,18.014234,192.5000,-1.007800,192.4700,190.5600,20.109230,0,1.039800,16.826705,187.6700,2025-01-03,179282594.3700,2025-01-03
876432,sh.688506,13.239027,196.5000,3,1,18.247731,190.5600,1.296200,187.0000,193.0300,20.369882,0,0.951900,17.044809,187.0000,2025-01-06,169479996.6800,2025-01-06
712975,sh.688506,12.887184,192.0000,3,1,17.762776,193.0300,-2.657600,192.0000,187.9000,19.828528,0,0.774400,16.591824,185.5000,2025-01-07,133561238.3300,2025-01-07
662651,sh.688506,12.965371,191.9800,3,1,17.870544,187.9000,0.606700,188.0000,189.0400,19.948829,0,0.719700,16.692487,185.0000,2025-01-08,124934583.7200,2025-01-08
647086,sh.688506,13.216394,196.0800,3,1,18.216535,189.0400,1.936100,188.5100,192.7000,20.335058,0,0.702800,17.015670,186.2500,2025-01-09,124865114.1400,2025-01-09
1631834,sh.688506,12.317926,196.0000,3,1,16.978151,192.7000,-6.798100,194.0000,179.6000,18.952654,0,1.772400,15.858922,177.3500,2025-01-10,298254670.6000,2025-01-10
1258021,sh.688506,12.828201,188.7000,3,1,17.681477,179.6000,4.142500,179.6000,187.0400,19.737775,0,1.366400,16.515884,176.1600,2025-01-13,232744482.4300,2025-01-13
1077015,sh.688506,13.258916,193.5300,3,1,18.275145,187.0400,3.357600,184.5100,193.3200,20.400485,0,1.169800,17.070417,184.3300,2025-01-14,203657732.4900,2025-01-14
635940,sh.688506,12.933822,196.6000,3,1,17.827058,193.3200,-2.451900,194.0000,188.5800,19.900287,0,0.690700,16.651868,187.0100,2025-01-15,121596322.4900,2025-01-15
836184,sh.688506,13.298696,195.8800,3,1,18.329975,188.5800,2.821100,186.0000,193.9000,20.461690,0,0.908200,17.121632,186.0000,2025-01-16,161447192.4200,2025-01-16
821305,sh.688506,13.208163,198.5000,3,1,18.205191,193.9000,-0.680800,195.9000,192.5800,20.322395,0,0.892000,17.005074,191.8000,2025-01-17,159905379.4700,2025-01-17
995389,sh.688506,13.413919,202.9000,3,1,18.488790,192.5800,1.557800,193.9000,195.5800,20.638976,0,1.081100,17.269978,193.2500,2025-01-20,196997894.5200,2025-01-20
779283,sh.688506,13.285665,199.5000,3,1,18.312013,195.5800,-0.956100,198.0000,193.7100,20.441640,0,0.846400,17.104854,193.0300,2025-01-21,152598216.4700,2025-01-21
654600,sh.688506,13.478390,197.0000,3,1,18.577651,193.7100,1.450600,192.0000,196.5200,20.738171,0,0.711000,17.352981,192.0000,2025-01-22,127827086.5800,2025-01-22
859665,sh.688506,13.695805,200.4200,3,1,18.877321,196.5200,1.613100,198.8800,199.6900,21.072692,0,0.933700,17.632896,193.7800,2025-01-23,169806590.4700,2025-01-23
1005044,sh.688506,13.354936,199.5600,3,1,18.407492,199.6900,-2.488900,198.0000,194.7200,20.548223,0,1.091600,17.194039,190.1800,2025-01-24,195059996.4600,2025-01-24
870183,sh.688506,13.225310,196.2300,3,1,18.228824,194.7200,-0.970600,194.6400,192.8300,20.348777,0,0.945100,17.027149,189.2100,2025-01-27,167275331.7900,2025-01-27
1091404,sh.688506,12.512022,192.8100,3,1,17.245680,192.8300,-5.393400,191.8700,182.4300,19.251296,0,1.185400,16.108815,180.0200,2025-02-05,199815161.2100,2025-02-05
1863176,sh.688506,12.452353,184.9500,3,1,17.163436,182.4300,-0.476900,182.0000,181.5600,19.159487,0,2.023600,16.031993,176.5000,2025-02-06,333636244.5500,2025-02-06
1955227,sh.688506,12.400914,186.0000,3,1,17.092536,181.5600,-0.413100,181.0600,180.8100,19.080342,0,2.123600,15.965767,177.5000,2025-02-07,353329400.2900,2025-02-07
1585493,sh.688506,12.240424,182.8600,3,1,16.871328,180.8100,-1.294200,181.7300,178.4700,18.833408,0,1.722000,15.759142,178.1000,2025-02-10,284573477.0800,2025-02-10
2140730,sh.688506,12.954398,188.9600,3,1,17.855418,178.4700,5.832900,178.4000,188.8800,19.931945,0,2.325100,16.678359,173.9100,2025-02-11,390289218.7500,2025-02-11
1736441,sh.688506,13.120374,195.8800,3,1,18.084188,188.8800,1.281200,189.0200,191.3000,20.187320,0,1.886000,16.892048,187.1100,2025-02-12,333239512.4900,2025-02-12
1340338,sh.688506,12.634790,194.3100,3,1,17.414894,191.3000,-3.701000,191.3000,184.2200,19.440189,0,1.455800,16.266875,184.2200,2025-02-13,251340669.6400,2025-02-13
1623107,sh.688506,12.527797,185.5700,3,1,17.267422,184.2200,-0.846800,183.9700,182.6600,19.275567,0,1.762900,16.129124,177.8900,2025-02-14,293414726.6100,2025-02-14
981476,sh.688506,12.429034,185.2000,3,1,17.131294,182.6600,-0.788300,182.8600,181.2200,19.123608,0,1.066000,16.001971,179.8800,2025-02-17,178202013.4100,2025-02-17
1639484,sh.688506,12.887184,189.9900,3,1,17.762776,181.2200,3.686100,181.3000,187.9000,19.828528,0,1.780700,16.591824,178.5600,2025-02-18,306177750.2300,2025-02-18
1161084,sh.688506,12.571691,187.8900,3,1,17.327923,187.9000,-2.448100,187.8900,183.3000,19.343104,0,1.261100,16.185637,181.5400,2025-02-19,213287000.5800,2025-02-19
870374,sh.688506,12.575121,188.7000,3,1,17.332650,183.3000,0.027300,183.3000,183.3500,19.348380,0,0.945300,16.190052,182.0100,2025-02-20,161177186.3900,2025-02-20
3186350,sh.688506,14.363826,213.1300,3,1,19.798074,183.3500,14.224200,185.0000,209.4300,22.100525,0,3.460800,18.492952,184.5000,2025-02-21,636134195.8700,2025-02-21
1501783,sh.688506,14.405663,214.0000,3,1,19.855739,209.4300,0.291300,209.0000,210.0400,22.164897,0,1.631100,18.546815,203.1500,2025-02-24,315666099.2500,2025-02-24
1344967,sh.688506,14.507855,218.9800,3,1,19.996594,210.0400,0.709400,208.9800,211.5300,22.322132,0,1.460800,18.678384,207.2900,2025-02-25,287629240.9700,2025-02-25
2006228,sh.688506,15.566127,227.9700,3,1,21.455240,211.5300,7.294500,213.0000,226.9600,23.950414,0,2.179000,20.040874,209.5000,2025-02-26,439683756.7800,2025-02-26
1635576,sh.688506,15.448846,228.6300,3,1,21.293588,226.9600,-0.753400,224.2300,225.2500,23.769963,0,1.776400,19.889879,218.1500,2025-02-27,365683151.9900,2025-02-27
2489069,sh.688506,16.046287,235.6000,3,1,22.026220,225.2500,3.440600,226.3800,233.0000,25.542558,0,2.703400,20.574214,219.5000,2025-02-28,567545962.5300,2025-02-28
2193535,sh.688506,14.806660,238.4900,3,1,20.324624,233.0000,-7.725300,230.0000,215.0000,23.569313,0,2.382500,18.984790,213.4600,2025-03-03,487987044.2400,2025-03-03
1085628,sh.688506,14.923735,221.9900,3,1,20.485330,215.0000,0.790700,216.4000,216.7000,23.755675,0,1.179100,19.134902,214.0000,2025-03-04,236635263.1900,2025-03-04
902572,sh.688506,15.009821,222.7500,3,1,20.603496,216.7000,0.576800,214.0800,217.9500,23.892706,0,0.980300,19.245279,214.0700,2025-03-05,197601711.1900,2025-03-05
1453680,sh.688506,14.996047,221.3000,3,1,20.584590,217.9500,-0.091800,220.0000,217.7500,23.870781,0,1.578900,19.227619,211.2100,2025-03-06,314497023.3500,2025-03-06
1824346,sh.688506,14.531187,218.0000,3,1,19.946491,217.7500,-3.099900,218.0000,211.0000,23.130815,0,1.981500,18.631585,208.5500,2025-03-07,386823348.1100,2025-03-07
1266185,sh.688506,14.672367,217.7600,3,1,20.140284,211.0000,0.971600,206.3800,213.0500,23.355545,0,1.375200,18.812602,206.3800,2025-03-10,269754248.3800,2025-03-10
875842,sh.688506,14.751565,217.1000,3,1,20.248997,213.0500,0.539800,213.0500,214.2000,23.481614,0,0.951300,18.914149,208.3700,2025-03-11,187181543.8300,2025-03-11
801847,sh.688506,14.498130,217.6000,3,1,19.901115,214.2000,-1.718000,214.4000,210.5200,23.078195,0,0.870900,18.589200,209.3000,2025-03-12,169854655.2400,2025-03-12
629564,sh.688506,14.414800,213.0000,3,1,19.786730,210.5200,-0.574800,209.3200,209.3100,22.945549,0,0.683800,18.482355,208.7300,2025-03-13,132506132.0200,2025-03-13
816642,sh.688506,14.601432,215.5500,3,1,20.042915,209.3100,1.294700,208.5800,212.0200,23.242632,0,0.887000,18.721652,208.5800,2025-03-14,173752826.6300,2025-03-14
1311453,sh.688506,15.116566,222.2900,3,1,20.750023,212.0200,3.528000,211.7100,219.5000,24.062625,0,1.424400,19.382146,211.0500,2025-03-17,285469633.5100,2025-03-17
1052378,sh.688506,15.276341,223.6200,3,1,20.969340,219.5000,1.056900,219.5100,221.8200,24.316954,0,1.143000,19.587005,216.4500,2025-03-18,232369357.4700,2025-03-18
1102158,sh.688506,15.323171,227.0000,3,1,21.033622,221.8200,0.306600,220.0000,222.5000,24.391499,0,1.197100,19.647050,218.0300,2025-03-19,246313508.7900,2025-03-19
621128,sh.688506,15.013264,221.5000,3,1,20.608223,222.5000,-2.022500,221.5000,218.0000,23.898188,0,0.674600,19.249694,216.5000,2025-03-20,135880197.0200,2025-03-20
788058,sh.688506,14.801839,219.9400,3,1,20.318006,218.0000,-1.408300,216.9400,214.9300,23.561640,0,0.855900,18.978609,213.0300,2025-03-21,170117289.1100,2025-03-21
733135,sh.688506,14.530498,218.8800,3,1,19.945546,214.9300,-1.833200,211.0000,210.9900,23.129718,0,0.796300,18.630702,208.5500,2025-03-24,155781658.6200,2025-03-24
614941,sh.688506,14.536008,216.0000,3,1,19.953109,210.9900,0.037900,211.5400,211.0700,23.138488,0,0.667900,18.637766,209.6900,2025-03-25,130879650.0000,2025-03-25
625037,sh.688506,14.263290,213.9800,3,1,19.578757,211.0700,-1.876200,211.0700,207.1100,22.704374,0,0.678900,18.288092,206.7600,2025-03-26,131046505.2000,2025-03-26
1420634,sh.688506,15.487077,226.0000,3,1,21.258611,207.1100,8.580000,207.2100,224.8800,24.652406,0,1.543000,19.857207,206.0000,2025-03-27,312254632.2400,2025-03-27
2262369,sh.688506,16.321071,246.5800,3,1,22.403407,224.8800,5.385100,224.8800,236.9900,25.979961,0,2.457200,20.926537,224.8800,2025-03-28,536216485.8900,2025-03-28
1221685,sh.688506,15.998768,238.0300,3,1,23.972752,236.9900,-1.974800,229.0100,232.3100,25.126418,0,1.326900,33.077487,226.5000,2025-03-31,283286983.3200,2025-03-31
2058915,sh.688506,17.113744,254.0000,3,1,25.643445,232.3100,6.969100,232.7300,248.5000,26.877512,0,2.236200,35.382702,230.3100,2025-04-01,503322637.7700,2025-04-01
877843,sh.688506,17.009753,252.8800,3,1,25.487624,248.5000,-0.607600,248.0000,246.9900,26.714192,0,0.953400,35.167700,245.0000,2025-04-02,217513155.4100,2025-04-02
1135072,sh.688506,17.234263,251.5800,3,1,25.824033,246.9900,1.319900,246.8000,250.2500,27.066791,0,1.232800,35.631876,241.0100,2025-04-03,280541333.0900,2025-04-03
2058892,sh.688506,15.310086,245.0200,3,1,22.940822,250.2500,-11.164800,229.0000,222.3100,24.044828,0,2.236200,31.653635,210.0000,2025-04-07,468157037.5700,2025-04-07
